Navn;Stasjon;Tid(norsk normaltid);Nedbør (døgn), mm
Bergen - Florida;SN50540;12.10.2023;15,6
Bergen - Florida;SN50540;13.10.2023;4,5
Bergen - Florida;SN50540;14.10.2023;16,2
Bergen - Florida;SN50540;15.10.2023;17,9
Bergen - Florida;SN50540;16.10.2023;8,3
Bergen - Florida;SN50540;17.10.2023;31
Bergen - Florida;SN50540;18.10.2023;2,5
Bergen - Florida;SN50540;19.10.2023;0
Bergen - Florida;SN50540;20.10.2023;0
Bergen - Florida;SN50540;21.10.2023;0
Bergen - Florida;SN50540;22.10.2023;0
Bergen - Florida;SN50540;23.10.2023;0,2
Bergen - Florida;SN50540;24.10.2023;1,8
Bergen - Florida;SN50540;25.10.2023;0
Bergen - Florida;SN50540;26.10.2023;0
Bergen - Florida;SN50540;27.10.2023;0
Bergen - Florida;SN50540;28.10.2023;0
Bergen - Florida;SN50540;29.10.2023;0
Bergen - Florida;SN50540;30.10.2023;0
Bergen - Florida;SN50540;31.10.2023;0
Bergen - Florida;SN50540;01.11.2023;0
Bergen - Florida;SN50540;02.11.2023;4,1
Bergen - Florida;SN50540;03.11.2023;0,2
Bergen - Florida;SN50540;04.11.2023;0,2
Bergen - Florida;SN50540;05.11.2023;0,6
Bergen - Florida;SN50540;06.11.2023;0
Bergen - Florida;SN50540;07.11.2023;0
Bergen - Florida;SN50540;08.11.2023;0
Bergen - Florida;SN50540;09.11.2023;2,2
Bergen - Florida;SN50540;10.11.2023;0,2
Bergen - Florida;SN50540;11.11.2023;0,2
Bergen - Florida;SN50540;12.11.2023;0
Bergen - Florida;SN50540;13.11.2023;0
Bergen - Florida;SN50540;14.11.2023;0
Bergen - Florida;SN50540;15.11.2023;0,3
Bergen - Florida;SN50540;16.11.2023;1,8
Bergen - Florida;SN50540;17.11.2023;0,4
Bergen - Florida;SN50540;18.11.2023;0
Bergen - Florida;SN50540;19.11.2023;0,1
Bergen - Florida;SN50540;20.11.2023;0
Bergen - Florida;SN50540;21.11.2023;0
Bergen - Florida;SN50540;22.11.2023;11,8
Bergen - Florida;SN50540;23.11.2023;42,5
Bergen - Florida;SN50540;24.11.2023;11,6
Bergen - Florida;SN50540;25.11.2023;2,4
Bergen - Florida;SN50540;26.11.2023;0,1
Bergen - Florida;SN50540;27.11.2023;2,8
Bergen - Florida;SN50540;28.11.2023;0
Bergen - Florida;SN50540;29.11.2023;0
Bergen - Florida;SN50540;30.11.2023;0
Bergen - Florida;SN50540;01.12.2023;0
Bergen - Florida;SN50540;02.12.2023;2,9
Bergen - Florida;SN50540;03.12.2023;0,9
Bergen - Florida;SN50540;04.12.2023;1,2
Bergen - Florida;SN50540;05.12.2023;0
Bergen - Florida;SN50540;06.12.2023;0,8
Bergen - Florida;SN50540;07.12.2023;0
Bergen - Florida;SN50540;08.12.2023;0
Bergen - Florida;SN50540;09.12.2023;0
Bergen - Florida;SN50540;10.12.2023;0,2
Bergen - Florida;SN50540;11.12.2023;0
Bergen - Florida;SN50540;12.12.2023;0
Bergen - Florida;SN50540;13.12.2023;0,4
Bergen - Florida;SN50540;14.12.2023;1,6
Bergen - Florida;SN50540;15.12.2023;13,8
Bergen - Florida;SN50540;16.12.2023;36,4
Bergen - Florida;SN50540;17.12.2023;32,9
Bergen - Florida;SN50540;18.12.2023;45
Bergen - Florida;SN50540;19.12.2023;12,9
Bergen - Florida;SN50540;20.12.2023;19,4
Bergen - Florida;SN50540;21.12.2023;14,5
Bergen - Florida;SN50540;22.12.2023;11,8
Bergen - Florida;SN50540;23.12.2023;7,8
Bergen - Florida;SN50540;24.12.2023;0
Bergen - Florida;SN50540;25.12.2023;29,5
Bergen - Florida;SN50540;26.12.2023;7,5
Bergen - Florida;SN50540;27.12.2023;0,9
Bergen - Florida;SN50540;28.12.2023;3,2
Bergen - Florida;SN50540;29.12.2023;9,6
Bergen - Florida;SN50540;30.12.2023;2,6
Bergen - Florida;SN50540;31.12.2023;0
Bergen - Florida;SN50540;01.01.2024;0
Bergen - Florida;SN50540;02.01.2024;0
Bergen - Florida;SN50540;03.01.2024;0
Bergen - Florida;SN50540;04.01.2024;0
Bergen - Florida;SN50540;05.01.2024;0
Bergen - Florida;SN50540;06.01.2024;0
Bergen - Florida;SN50540;07.01.2024;0
Bergen - Florida;SN50540;08.01.2024;0
Bergen - Florida;SN50540;09.01.2024;0
Bergen - Florida;SN50540;10.01.2024;0
Bergen - Florida;SN50540;11.01.2024;0
Bergen - Florida;SN50540;12.01.2024;0
Bergen - Florida;SN50540;13.01.2024;20,9
Bergen - Florida;SN50540;14.01.2024;5,3
Bergen - Florida;SN50540;15.01.2024;5,6
Bergen - Florida;SN50540;16.01.2024;2,3
Bergen - Florida;SN50540;17.01.2024;10,2
Bergen - Florida;SN50540;18.01.2024;3,2
Bergen - Florida;SN50540;19.01.2024;18
Bergen - Florida;SN50540;20.01.2024;7,8
Bergen - Florida;SN50540;21.01.2024;6,9
Bergen - Florida;SN50540;22.01.2024;36,7
Bergen - Florida;SN50540;23.01.2024;19,2
Bergen - Florida;SN50540;24.01.2024;14
Bergen - Florida;SN50540;25.01.2024;13,2
Bergen - Florida;SN50540;26.01.2024;4,2
Bergen - Florida;SN50540;27.01.2024;22,2
Bergen - Florida;SN50540;28.01.2024;3,1
Bergen - Florida;SN50540;29.01.2024;16,9
Bergen - Florida;SN50540;30.01.2024;0
Bergen - Florida;SN50540;31.01.2024;0
Bergen - Florida;SN50540;01.02.2024;36,5
Bergen - Florida;SN50540;02.02.2024;26,5
Bergen - Florida;SN50540;03.02.2024;34,5
Bergen - Florida;SN50540;04.02.2024;15,6
Bergen - Florida;SN50540;05.02.2024;12,7
Bergen - Florida;SN50540;06.02.2024;0
Bergen - Florida;SN50540;07.02.2024;6,5
Bergen - Florida;SN50540;08.02.2024;9,3
Bergen - Florida;SN50540;09.02.2024;0
Bergen - Florida;SN50540;10.02.2024;0,1
Bergen - Florida;SN50540;11.02.2024;0
Bergen - Florida;SN50540;12.02.2024;4,5
Bergen - Florida;SN50540;13.02.2024;3,1
Bergen - Florida;SN50540;14.02.2024;16,4
Bergen - Florida;SN50540;15.02.2024;5,4
Bergen - Florida;SN50540;16.02.2024;18,3
Bergen - Florida;SN50540;17.02.2024;8,6
Bergen - Florida;SN50540;18.02.2024;0
Bergen - Florida;SN50540;19.02.2024;7,8
Bergen - Florida;SN50540;20.02.2024;8,5
Bergen - Florida;SN50540;21.02.2024;19,1
Bergen - Florida;SN50540;22.02.2024;9,4
Bergen - Florida;SN50540;23.02.2024;27,7
Bergen - Florida;SN50540;24.02.2024;28
Bergen - Florida;SN50540;25.02.2024;1
Bergen - Florida;SN50540;26.02.2024;15,2
Bergen - Florida;SN50540;27.02.2024;0,7
Bergen - Florida;SN50540;28.02.2024;13,1
Bergen - Florida;SN50540;29.02.2024;6,6
Bergen - Florida;SN50540;01.03.2024;6,2
Bergen - Florida;SN50540;02.03.2024;9,3
Bergen - Florida;SN50540;03.03.2024;0
Bergen - Florida;SN50540;04.03.2024;0
Bergen - Florida;SN50540;05.03.2024;1,4
Bergen - Florida;SN50540;06.03.2024;0
Bergen - Florida;SN50540;07.03.2024;0,1
Bergen - Florida;SN50540;08.03.2024;0
Bergen - Florida;SN50540;09.03.2024;0
Bergen - Florida;SN50540;10.03.2024;0
Bergen - Florida;SN50540;11.03.2024;0
Bergen - Florida;SN50540;12.03.2024;0
Bergen - Florida;SN50540;13.03.2024;0
Bergen - Florida;SN50540;14.03.2024;30,4
Bergen - Florida;SN50540;15.03.2024;0,2
Bergen - Florida;SN50540;16.03.2024;8,1
Bergen - Florida;SN50540;17.03.2024;0
Bergen - Florida;SN50540;18.03.2024;3,1
Bergen - Florida;SN50540;19.03.2024;1,9
Bergen - Florida;SN50540;20.03.2024;14,8
Bergen - Florida;SN50540;21.03.2024;0
Bergen - Florida;SN50540;22.03.2024;12,1
Bergen - Florida;SN50540;23.03.2024;29,4
Bergen - Florida;SN50540;24.03.2024;10,3
Bergen - Florida;SN50540;25.03.2024;0
Bergen - Florida;SN50540;26.03.2024;0
Bergen - Florida;SN50540;27.03.2024;2,9
Bergen - Florida;SN50540;28.03.2024;7,5
Bergen - Florida;SN50540;29.03.2024;10,2
Bergen - Florida;SN50540;30.03.2024;4,9
Bergen - Florida;SN50540;31.03.2024;10,2
Bergen - Florida;SN50540;01.04.2024;1,8
Bergen - Florida;SN50540;02.04.2024;0
Bergen - Florida;SN50540;03.04.2024;0
Bergen - Florida;SN50540;04.04.2024;2,5
Bergen - Florida;SN50540;05.04.2024;4,6
Bergen - Florida;SN50540;06.04.2024;0
Bergen - Florida;SN50540;07.04.2024;8,9
Bergen - Florida;SN50540;08.04.2024;7,1
Bergen - Florida;SN50540;09.04.2024;0
Bergen - Florida;SN50540;10.04.2024;16,1
Bergen - Florida;SN50540;11.04.2024;15,1
Bergen - Florida;SN50540;12.04.2024;11,6
Bergen - Florida;SN50540;13.04.2024;12,5
Bergen - Florida;SN50540;14.04.2024;16,3
Bergen - Florida;SN50540;15.04.2024;0,2
Bergen - Florida;SN50540;16.04.2024;0
Bergen - Florida;SN50540;17.04.2024;1,9
Bergen - Florida;SN50540;18.04.2024;0
Bergen - Florida;SN50540;19.04.2024;0,3
Bergen - Florida;SN50540;20.04.2024;0,7
Bergen - Florida;SN50540;21.04.2024;0
Bergen - Florida;SN50540;22.04.2024;0
Bergen - Florida;SN50540;23.04.2024;0
Bergen - Florida;SN50540;24.04.2024;0
Bergen - Florida;SN50540;25.04.2024;0
Bergen - Florida;SN50540;26.04.2024;0,2
Bergen - Florida;SN50540;27.04.2024;0,3
Bergen - Florida;SN50540;28.04.2024;0
Bergen - Florida;SN50540;29.04.2024;1,1
Bergen - Florida;SN50540;30.04.2024;1,1
Bergen - Florida;SN50540;01.05.2024;5,4
Bergen - Florida;SN50540;02.05.2024;1,1
Bergen - Florida;SN50540;03.05.2024;0
Bergen - Florida;SN50540;04.05.2024;0
Bergen - Florida;SN50540;05.05.2024;0
Bergen - Florida;SN50540;06.05.2024;0
Bergen - Florida;SN50540;07.05.2024;0
Bergen - Florida;SN50540;08.05.2024;1,2
Bergen - Florida;SN50540;09.05.2024;5
Bergen - Florida;SN50540;10.05.2024;18
Bergen - Florida;SN50540;11.05.2024;0,1
Bergen - Florida;SN50540;12.05.2024;0
Bergen - Florida;SN50540;13.05.2024;0
Bergen - Florida;SN50540;14.05.2024;0
Bergen - Florida;SN50540;15.05.2024;0
Bergen - Florida;SN50540;16.05.2024;0
Bergen - Florida;SN50540;17.05.2024;0
Bergen - Florida;SN50540;18.05.2024;0
Bergen - Florida;SN50540;19.05.2024;0,3
Bergen - Florida;SN50540;20.05.2024;0
Bergen - Florida;SN50540;21.05.2024;0
Bergen - Florida;SN50540;22.05.2024;0
Bergen - Florida;SN50540;23.05.2024;0
Bergen - Florida;SN50540;24.05.2024;0
Bergen - Florida;SN50540;25.05.2024;1,7
Bergen - Florida;SN50540;26.05.2024;0
Bergen - Florida;SN50540;27.05.2024;1,9
Bergen - Florida;SN50540;28.05.2024;16,1
Bergen - Florida;SN50540;29.05.2024;8,4
Bergen - Florida;SN50540;30.05.2024;0,1
Bergen - Florida;SN50540;31.05.2024;2,2
Bergen - Florida;SN50540;01.06.2024;0
Bergen - Florida;SN50540;02.06.2024;0
Bergen - Florida;SN50540;03.06.2024;7,1
Bergen - Florida;SN50540;04.06.2024;2,6
Bergen - Florida;SN50540;05.06.2024;32,6
Bergen - Florida;SN50540;06.06.2024;7,9
Bergen - Florida;SN50540;07.06.2024;18,7
Bergen - Florida;SN50540;08.06.2024;20,8
Bergen - Florida;SN50540;09.06.2024;4,8
Bergen - Florida;SN50540;10.06.2024;10,4
Bergen - Florida;SN50540;11.06.2024;0
Bergen - Florida;SN50540;12.06.2024;0
Bergen - Florida;SN50540;13.06.2024;0,1
Bergen - Florida;SN50540;14.06.2024;0,1
Bergen - Florida;SN50540;15.06.2024;1,1
Bergen - Florida;SN50540;16.06.2024;1,5
Bergen - Florida;SN50540;17.06.2024;11,2
Bergen - Florida;SN50540;18.06.2024;2,4
Bergen - Florida;SN50540;19.06.2024;1,2
Bergen - Florida;SN50540;20.06.2024;3,7
Bergen - Florida;SN50540;21.06.2024;0,1
Bergen - Florida;SN50540;22.06.2024;0,1
Bergen - Florida;SN50540;23.06.2024;3,4
Bergen - Florida;SN50540;24.06.2024;3,2
Bergen - Florida;SN50540;25.06.2024;0
Bergen - Florida;SN50540;26.06.2024;0,1
Bergen - Florida;SN50540;27.06.2024;0
Bergen - Florida;SN50540;28.06.2024;6,4
Bergen - Florida;SN50540;29.06.2024;22,8
Bergen - Florida;SN50540;30.06.2024;9,8
Bergen - Florida;SN50540;01.07.2024;8
Bergen - Florida;SN50540;02.07.2024;6,1
Bergen - Florida;SN50540;03.07.2024;1,8
Bergen - Florida;SN50540;04.07.2024;0,1
Bergen - Florida;SN50540;05.07.2024;4,2
Bergen - Florida;SN50540;06.07.2024;0,1
Bergen - Florida;SN50540;07.07.2024;0,7
Bergen - Florida;SN50540;08.07.2024;5
Bergen - Florida;SN50540;09.07.2024;8,4
Bergen - Florida;SN50540;10.07.2024;0
Bergen - Florida;SN50540;11.07.2024;21,8
Bergen - Florida;SN50540;12.07.2024;0
Bergen - Florida;SN50540;13.07.2024;0,8
Bergen - Florida;SN50540;14.07.2024;0
Bergen - Florida;SN50540;15.07.2024;22,1
Bergen - Florida;SN50540;16.07.2024;1,7
Bergen - Florida;SN50540;17.07.2024;0
Bergen - Florida;SN50540;18.07.2024;0,4
Bergen - Florida;SN50540;19.07.2024;0,1
Bergen - Florida;SN50540;20.07.2024;0
Bergen - Florida;SN50540;21.07.2024;0
Bergen - Florida;SN50540;22.07.2024;31,7
Bergen - Florida;SN50540;23.07.2024;0
Bergen - Florida;SN50540;24.07.2024;0
Bergen - Florida;SN50540;25.07.2024;0
Bergen - Florida;SN50540;26.07.2024;19,7
Bergen - Florida;SN50540;27.07.2024;15
Bergen - Florida;SN50540;28.07.2024;0,4
Bergen - Florida;SN50540;29.07.2024;1,8
Bergen - Florida;SN50540;30.07.2024;0
Bergen - Florida;SN50540;31.07.2024;1,9
Bergen - Florida;SN50540;01.08.2024;0,8
Bergen - Florida;SN50540;02.08.2024;0
Bergen - Florida;SN50540;03.08.2024;0
Bergen - Florida;SN50540;04.08.2024;30
Bergen - Florida;SN50540;05.08.2024;1,4
Bergen - Florida;SN50540;06.08.2024;2,1
Bergen - Florida;SN50540;07.08.2024;6,6
Bergen - Florida;SN50540;08.08.2024;20,4
Bergen - Florida;SN50540;09.08.2024;7,2
Bergen - Florida;SN50540;10.08.2024;40,3
Bergen - Florida;SN50540;11.08.2024;22,5
Bergen - Florida;SN50540;12.08.2024;0,1
Bergen - Florida;SN50540;13.08.2024;0,3
Bergen - Florida;SN50540;14.08.2024;2,3
Bergen - Florida;SN50540;15.08.2024;4,6
Bergen - Florida;SN50540;16.08.2024;47,8
Bergen - Florida;SN50540;17.08.2024;10,2
Bergen - Florida;SN50540;18.08.2024;10,1
Bergen - Florida;SN50540;19.08.2024;11,7
Bergen - Florida;SN50540;20.08.2024;1,9
Bergen - Florida;SN50540;21.08.2024;13,3
Bergen - Florida;SN50540;22.08.2024;11,4
Bergen - Florida;SN50540;23.08.2024;33,9
Bergen - Florida;SN50540;24.08.2024;9,5
Bergen - Florida;SN50540;25.08.2024;45,9
Bergen - Florida;SN50540;26.08.2024;46,4
Bergen - Florida;SN50540;27.08.2024;12,4
Bergen - Florida;SN50540;28.08.2024;41,5
Bergen - Florida;SN50540;29.08.2024;2,6
Bergen - Florida;SN50540;30.08.2024;33,6
Bergen - Florida;SN50540;31.08.2024;2,6
Bergen - Florida;SN50540;01.09.2024;0
Bergen - Florida;SN50540;02.09.2024;0
Bergen - Florida;SN50540;03.09.2024;1,4
Bergen - Florida;SN50540;04.09.2024;13
Bergen - Florida;SN50540;05.09.2024;3,2
Bergen - Florida;SN50540;06.09.2024;0
Bergen - Florida;SN50540;07.09.2024;0
Bergen - Florida;SN50540;08.09.2024;0
Bergen - Florida;SN50540;09.09.2024;27,8
Bergen - Florida;SN50540;10.09.2024;17,9
Bergen - Florida;SN50540;11.09.2024;16
Bergen - Florida;SN50540;12.09.2024;36,2
Bergen - Florida;SN50540;13.09.2024;14,3
Bergen - Florida;SN50540;14.09.2024;1,6
Bergen - Florida;SN50540;15.09.2024;3,4
Bergen - Florida;SN50540;16.09.2024;16,5
Bergen - Florida;SN50540;17.09.2024;0,2
Bergen - Florida;SN50540;18.09.2024;0
Bergen - Florida;SN50540;19.09.2024;0
Bergen - Florida;SN50540;20.09.2024;0
Bergen - Florida;SN50540;21.09.2024;0
Bergen - Florida;SN50540;22.09.2024;0
Bergen - Florida;SN50540;23.09.2024;0
Bergen - Florida;SN50540;24.09.2024;0
Bergen - Florida;SN50540;25.09.2024;0
Bergen - Florida;SN50540;26.09.2024;0
Bergen - Florida;SN50540;27.09.2024;0
Bergen - Florida;SN50540;28.09.2024;4,2
Bergen - Florida;SN50540;29.09.2024;8
Bergen - Florida;SN50540;30.09.2024;0,3
Bergen - Florida;SN50540;01.10.2024;0
Bergen - Florida;SN50540;02.10.2024;0
Bergen - Florida;SN50540;03.10.2024;0
Bergen - Florida;SN50540;04.10.2024;0
Bergen - Florida;SN50540;05.10.2024;0,1
Bergen - Florida;SN50540;06.10.2024;15,6
Bergen - Florida;SN50540;07.10.2024;0,3
Bergen - Florida;SN50540;08.10.2024;3,5
Bergen - Florida;SN50540;09.10.2024;8,5
Bergen - Florida;SN50540;10.10.2024;13,2
Bergen - Florida;SN50540;11.10.2024;4,1
Bergen - Florida;SN50540;12.10.2024;7,9
Kristiansund - Karihola;SN64300;12.10.2023;8,5
Kristiansund - Karihola;SN64300;13.10.2023;3,3
Kristiansund - Karihola;SN64300;19.10.2023;0
Kristiansund - Karihola;SN64300;20.10.2023;0
Kristiansund - Karihola;SN64300;21.10.2023;0
Kristiansund - Karihola;SN64300;22.10.2023;0
Kristiansund - Karihola;SN64300;23.10.2023;0
Kristiansund - Karihola;SN64300;24.10.2023;0,1
Kristiansund - Karihola;SN64300;25.10.2023;0
Kristiansund - Karihola;SN64300;26.10.2023;0
Kristiansund - Karihola;SN64300;27.10.2023;0
Kristiansund - Karihola;SN64300;28.10.2023;0
Kristiansund - Karihola;SN64300;29.10.2023;0
Kristiansund - Karihola;SN64300;30.10.2023;0
Kristiansund - Karihola;SN64300;31.10.2023;0
Kristiansund - Karihola;SN64300;01.11.2023;0
Kristiansund - Karihola;SN64300;02.11.2023;0
Kristiansund - Karihola;SN64300;03.11.2023;0
Kristiansund - Karihola;SN64300;04.11.2023;0
Kristiansund - Karihola;SN64300;05.11.2023;0
Kristiansund - Karihola;SN64300;06.11.2023;0
Kristiansund - Karihola;SN64300;07.11.2023;0,2
Kristiansund - Karihola;SN64300;08.11.2023;4
Kristiansund - Karihola;SN64300;09.11.2023;0
Kristiansund - Karihola;SN64300;10.11.2023;0
Kristiansund - Karihola;SN64300;11.11.2023;0
Kristiansund - Karihola;SN64300;12.11.2023;0
Kristiansund - Karihola;SN64300;13.11.2023;0
Kristiansund - Karihola;SN64300;14.11.2023;0
Kristiansund - Karihola;SN64300;15.11.2023;0
Kristiansund - Karihola;SN64300;16.11.2023;0
Kristiansund - Karihola;SN64300;17.11.2023;0
Kristiansund - Karihola;SN64300;18.11.2023;0,1
Kristiansund - Karihola;SN64300;19.11.2023;0
Kristiansund - Karihola;SN64300;20.11.2023;0
Kristiansund - Karihola;SN64300;21.11.2023;0
Kristiansund - Karihola;SN64300;22.11.2023;0,1
Kristiansund - Karihola;SN64300;23.11.2023;14
Kristiansund - Karihola;SN64300;24.11.2023;8,4
Kristiansund - Karihola;SN64300;25.11.2023;4,4
Kristiansund - Karihola;SN64300;26.11.2023;5,6
Kristiansund - Karihola;SN64300;27.11.2023;0,5
Kristiansund - Karihola;SN64300;28.11.2023;0
Kristiansund - Karihola;SN64300;29.11.2023;0
Kristiansund - Karihola;SN64300;30.11.2023;0
Kristiansund - Karihola;SN64300;01.12.2023;0
Kristiansund - Karihola;SN64300;02.12.2023;0
Kristiansund - Karihola;SN64300;03.12.2023;0
Kristiansund - Karihola;SN64300;04.12.2023;0
Kristiansund - Karihola;SN64300;05.12.2023;0
Kristiansund - Karihola;SN64300;06.12.2023;0
Kristiansund - Karihola;SN64300;07.12.2023;0
Kristiansund - Karihola;SN64300;08.12.2023;0
Kristiansund - Karihola;SN64300;09.12.2023;0
Kristiansund - Karihola;SN64300;10.12.2023;0
Kristiansund - Karihola;SN64300;11.12.2023;0
Kristiansund - Karihola;SN64300;12.12.2023;0
Kristiansund - Karihola;SN64300;13.12.2023;0
Kristiansund - Karihola;SN64300;14.12.2023;0
Kristiansund - Karihola;SN64300;15.12.2023;5,7
Kristiansund - Karihola;SN64300;16.12.2023;16,7
Kristiansund - Karihola;SN64300;17.12.2023;33,7
Kristiansund - Karihola;SN64300;18.12.2023;11,1
Kristiansund - Karihola;SN64300;19.12.2023;2,7
Kristiansund - Karihola;SN64300;20.12.2023;0,1
Kristiansund - Karihola;SN64300;21.12.2023;2,7
Kristiansund - Karihola;SN64300;22.12.2023;3,9
Kristiansund - Karihola;SN64300;23.12.2023;4,4
Kristiansund - Karihola;SN64300;24.12.2023;0
Kristiansund - Karihola;SN64300;25.12.2023;0
Kristiansund - Karihola;SN64300;26.12.2023;10,9
Kristiansund - Karihola;SN64300;27.12.2023;4,3
Kristiansund - Karihola;SN64300;28.12.2023;1,8
Kristiansund - Karihola;SN64300;29.12.2023;0,9
Kristiansund - Karihola;SN64300;30.12.2023;0
Kristiansund - Karihola;SN64300;31.12.2023;0,1
Kristiansund - Karihola;SN64300;01.01.2024;0
Kristiansund - Karihola;SN64300;02.01.2024;0
Kristiansund - Karihola;SN64300;03.01.2024;0
Kristiansund - Karihola;SN64300;04.01.2024;0
Kristiansund - Karihola;SN64300;05.01.2024;0
Kristiansund - Karihola;SN64300;06.01.2024;0
Kristiansund - Karihola;SN64300;07.01.2024;0
Kristiansund - Karihola;SN64300;08.01.2024;0
Kristiansund - Karihola;SN64300;09.01.2024;0,9
Kristiansund - Karihola;SN64300;10.01.2024;3,4
Kristiansund - Karihola;SN64300;11.01.2024;0,9
Kristiansund - Karihola;SN64300;12.01.2024;2,5
Kristiansund - Karihola;SN64300;13.01.2024;5,9
Kristiansund - Karihola;SN64300;14.01.2024;6
Kristiansund - Karihola;SN64300;15.01.2024;6,8
Kristiansund - Karihola;SN64300;16.01.2024;0,2
Kristiansund - Karihola;SN64300;17.01.2024;4,4
Kristiansund - Karihola;SN64300;18.01.2024;7,9
Kristiansund - Karihola;SN64300;19.01.2024;5,3
Kristiansund - Karihola;SN64300;20.01.2024;2
Kristiansund - Karihola;SN64300;21.01.2024;0,2
Kristiansund - Karihola;SN64300;22.01.2024;0,3
Kristiansund - Karihola;SN64300;23.01.2024;4,9
Kristiansund - Karihola;SN64300;24.01.2024;3,3
Kristiansund - Karihola;SN64300;25.01.2024;2,4
Kristiansund - Karihola;SN64300;26.01.2024;0
Kristiansund - Karihola;SN64300;27.01.2024;1,8
Kristiansund - Karihola;SN64300;28.01.2024;15,5
Kristiansund - Karihola;SN64300;29.01.2024;1,9
Kristiansund - Karihola;SN64300;30.01.2024;0,7
Kristiansund - Karihola;SN64300;31.01.2024;0
Kristiansund - Karihola;SN64300;01.02.2024;2,9
Kristiansund - Karihola;SN64300;02.02.2024;1,7
Kristiansund - Karihola;SN64300;03.02.2024;17,1
Kristiansund - Karihola;SN64300;04.02.2024;2,1
Kristiansund - Karihola;SN64300;05.02.2024;12,8
Kristiansund - Karihola;SN64300;06.02.2024;4,6
Kristiansund - Karihola;SN64300;07.02.2024;0
Kristiansund - Karihola;SN64300;08.02.2024;1,6
Kristiansund - Karihola;SN64300;09.02.2024;6,7
Kristiansund - Karihola;SN64300;10.02.2024;0
Kristiansund - Karihola;SN64300;11.02.2024;0
Kristiansund - Karihola;SN64300;12.02.2024;0
Kristiansund - Karihola;SN64300;13.02.2024;0
Kristiansund - Karihola;SN64300;14.02.2024;0
Kristiansund - Karihola;SN64300;15.02.2024;2,1
Kristiansund - Karihola;SN64300;16.02.2024;0
Kristiansund - Karihola;SN64300;17.02.2024;1,4
Kristiansund - Karihola;SN64300;18.02.2024;0,2
Kristiansund - Karihola;SN64300;19.02.2024;0
Kristiansund - Karihola;SN64300;20.02.2024;0,1
Kristiansund - Karihola;SN64300;21.02.2024;1,5
Kristiansund - Karihola;SN64300;22.02.2024;0,1
Kristiansund - Karihola;SN64300;23.02.2024;0
Kristiansund - Karihola;SN64300;24.02.2024;8,8
Kristiansund - Karihola;SN64300;25.02.2024;0
Kristiansund - Karihola;SN64300;26.02.2024;0
Kristiansund - Karihola;SN64300;27.02.2024;0,2
Kristiansund - Karihola;SN64300;28.02.2024;0,8
Kristiansund - Karihola;SN64300;29.02.2024;5
Kristiansund - Karihola;SN64300;01.03.2024;0,1
Kristiansund - Karihola;SN64300;02.03.2024;0
Kristiansund - Karihola;SN64300;03.03.2024;0
Kristiansund - Karihola;SN64300;04.03.2024;0
Kristiansund - Karihola;SN64300;05.03.2024;0
Kristiansund - Karihola;SN64300;06.03.2024;0
Kristiansund - Karihola;SN64300;07.03.2024;0
Kristiansund - Karihola;SN64300;08.03.2024;0
Kristiansund - Karihola;SN64300;09.03.2024;0
Kristiansund - Karihola;SN64300;10.03.2024;0
Kristiansund - Karihola;SN64300;11.03.2024;0
Kristiansund - Karihola;SN64300;12.03.2024;0
Kristiansund - Karihola;SN64300;13.03.2024;0
Kristiansund - Karihola;SN64300;14.03.2024;8,3
Kristiansund - Karihola;SN64300;15.03.2024;4,9
Kristiansund - Karihola;SN64300;16.03.2024;0,9
Kristiansund - Karihola;SN64300;17.03.2024;0,3
Kristiansund - Karihola;SN64300;18.03.2024;0
Kristiansund - Karihola;SN64300;19.03.2024;0
Kristiansund - Karihola;SN64300;20.03.2024;0,7
Kristiansund - Karihola;SN64300;21.03.2024;1,7
Kristiansund - Karihola;SN64300;22.03.2024;5,5
Kristiansund - Karihola;SN64300;23.03.2024;1,2
Kristiansund - Karihola;SN64300;24.03.2024;0
Kristiansund - Karihola;SN64300;25.03.2024;3
Kristiansund - Karihola;SN64300;26.03.2024;1,4
Kristiansund - Karihola;SN64300;27.03.2024;0
Kristiansund - Karihola;SN64300;28.03.2024;0
Kristiansund - Karihola;SN64300;29.03.2024;2,2
Kristiansund - Karihola;SN64300;30.03.2024;0,3
Kristiansund - Karihola;SN64300;31.03.2024;0
Kristiansund - Karihola;SN64300;01.04.2024;4,4
Kristiansund - Karihola;SN64300;02.04.2024;0,2
Kristiansund - Karihola;SN64300;03.04.2024;0
Kristiansund - Karihola;SN64300;04.04.2024;0
Kristiansund - Karihola;SN64300;05.04.2024;0
Kristiansund - Karihola;SN64300;06.04.2024;0,2
Kristiansund - Karihola;SN64300;07.04.2024;0,9
Kristiansund - Karihola;SN64300;08.04.2024;2,2
Kristiansund - Karihola;SN64300;09.04.2024;0
Kristiansund - Karihola;SN64300;10.04.2024;4,9
Kristiansund - Karihola;SN64300;11.04.2024;5,6
Kristiansund - Karihola;SN64300;12.04.2024;9,9
Kristiansund - Karihola;SN64300;13.04.2024;2,4
Kristiansund - Karihola;SN64300;14.04.2024;7,6
Kristiansund - Karihola;SN64300;15.04.2024;2,1
Kristiansund - Karihola;SN64300;16.04.2024;0
Kristiansund - Karihola;SN64300;17.04.2024;0
Kristiansund - Karihola;SN64300;18.04.2024;0,9
Kristiansund - Karihola;SN64300;19.04.2024;0
Kristiansund - Karihola;SN64300;20.04.2024;7,3
Kristiansund - Karihola;SN64300;21.04.2024;7,8
Kristiansund - Karihola;SN64300;22.04.2024;0
Kristiansund - Karihola;SN64300;23.04.2024;3,8
Kristiansund - Karihola;SN64300;24.04.2024;2,2
Kristiansund - Karihola;SN64300;25.04.2024;0,8
Kristiansund - Karihola;SN64300;26.04.2024;0
Kristiansund - Karihola;SN64300;27.04.2024;0
Kristiansund - Karihola;SN64300;28.04.2024;0
Kristiansund - Karihola;SN64300;29.04.2024;0
Kristiansund - Karihola;SN64300;30.04.2024;0,1
Kristiansund - Karihola;SN64300;01.05.2024;0
Kristiansund - Karihola;SN64300;02.05.2024;0
Kristiansund - Karihola;SN64300;03.05.2024;0
Kristiansund - Karihola;SN64300;04.05.2024;0
Kristiansund - Karihola;SN64300;05.05.2024;0
Kristiansund - Karihola;SN64300;06.05.2024;0
Kristiansund - Karihola;SN64300;07.05.2024;0
Kristiansund - Karihola;SN64300;08.05.2024;3,9
Kristiansund - Karihola;SN64300;09.05.2024;3,4
Kristiansund - Karihola;SN64300;10.05.2024;5,2
Kristiansund - Karihola;SN64300;11.05.2024;1
Kristiansund - Karihola;SN64300;12.05.2024;6
Kristiansund - Karihola;SN64300;13.05.2024;0
Kristiansund - Karihola;SN64300;14.05.2024;0
Kristiansund - Karihola;SN64300;15.05.2024;0
Kristiansund - Karihola;SN64300;16.05.2024;0
Kristiansund - Karihola;SN64300;17.05.2024;0
Kristiansund - Karihola;SN64300;18.05.2024;0
Kristiansund - Karihola;SN64300;19.05.2024;8,8
Kristiansund - Karihola;SN64300;20.05.2024;0
Kristiansund - Karihola;SN64300;21.05.2024;0
Kristiansund - Karihola;SN64300;22.05.2024;0
Kristiansund - Karihola;SN64300;23.05.2024;0
Kristiansund - Karihola;SN64300;24.05.2024;0
Kristiansund - Karihola;SN64300;25.05.2024;0
Kristiansund - Karihola;SN64300;26.05.2024;0
Kristiansund - Karihola;SN64300;27.05.2024;0
Kristiansund - Karihola;SN64300;28.05.2024;2
Kristiansund - Karihola;SN64300;29.05.2024;2,2
Kristiansund - Karihola;SN64300;30.05.2024;0,8
Kristiansund - Karihola;SN64300;31.05.2024;0,2
Kristiansund - Karihola;SN64300;01.06.2024;0,8
Kristiansund - Karihola;SN64300;02.06.2024;0
Kristiansund - Karihola;SN64300;03.06.2024;0,8
Kristiansund - Karihola;SN64300;04.06.2024;3,2
Kristiansund - Karihola;SN64300;05.06.2024;12,6
Kristiansund - Karihola;SN64300;06.06.2024;2,4
Kristiansund - Karihola;SN64300;07.06.2024;5,4
Kristiansund - Karihola;SN64300;08.06.2024;0
Kristiansund - Karihola;SN64300;09.06.2024;5,6
Kristiansund - Karihola;SN64300;10.06.2024;0,8
Kristiansund - Karihola;SN64300;11.06.2024;6,8
Kristiansund - Karihola;SN64300;12.06.2024;6,2
Kristiansund - Karihola;SN64300;13.06.2024;7,4
Kristiansund - Karihola;SN64300;14.06.2024;0,2
Kristiansund - Karihola;SN64300;15.06.2024;0
Kristiansund - Karihola;SN64300;16.06.2024;0
Kristiansund - Karihola;SN64300;17.06.2024;1,9
Kristiansund - Karihola;SN64300;18.06.2024;1,1
Kristiansund - Karihola;SN64300;19.06.2024;0,3
Kristiansund - Karihola;SN64300;20.06.2024;0,2
Kristiansund - Karihola;SN64300;21.06.2024;1,9
Kristiansund - Karihola;SN64300;22.06.2024;0,1
Kristiansund - Karihola;SN64300;23.06.2024;4,8
Kristiansund - Karihola;SN64300;24.06.2024;0,2
Kristiansund - Karihola;SN64300;25.06.2024;0
Kristiansund - Karihola;SN64300;26.06.2024;4,5
Kristiansund - Karihola;SN64300;27.06.2024;0
Kristiansund - Karihola;SN64300;28.06.2024;0
Kristiansund - Karihola;SN64300;29.06.2024;12,3
Kristiansund - Karihola;SN64300;30.06.2024;0
Kristiansund - Karihola;SN64300;01.07.2024;13
Kristiansund - Karihola;SN64300;02.07.2024;2,4
Kristiansund - Karihola;SN64300;03.07.2024;2,4
Kristiansund - Karihola;SN64300;04.07.2024;0,1
Kristiansund - Karihola;SN64300;05.07.2024;0
Kristiansund - Karihola;SN64300;06.07.2024;6,5
Kristiansund - Karihola;SN64300;07.07.2024;4,2
Kristiansund - Karihola;SN64300;08.07.2024;0
Kristiansund - Karihola;SN64300;09.07.2024;0,2
Kristiansund - Karihola;SN64300;10.07.2024;0,2
Kristiansund - Karihola;SN64300;11.07.2024;1,4
Kristiansund - Karihola;SN64300;12.07.2024;0
Kristiansund - Karihola;SN64300;13.07.2024;0
Kristiansund - Karihola;SN64300;14.07.2024;0
Kristiansund - Karihola;SN64300;15.07.2024;1,1
Kristiansund - Karihola;SN64300;16.07.2024;0
Kristiansund - Karihola;SN64300;17.07.2024;0
Kristiansund - Karihola;SN64300;18.07.2024;0,2
Kristiansund - Karihola;SN64300;19.07.2024;0
Kristiansund - Karihola;SN64300;20.07.2024;0
Kristiansund - Karihola;SN64300;21.07.2024;0
Kristiansund - Karihola;SN64300;22.07.2024;6,6
Kristiansund - Karihola;SN64300;23.07.2024;8,3
Kristiansund - Karihola;SN64300;24.07.2024;2,4
Kristiansund - Karihola;SN64300;25.07.2024;0
Kristiansund - Karihola;SN64300;26.07.2024;0
Kristiansund - Karihola;SN64300;27.07.2024;8,1
Kristiansund - Karihola;SN64300;28.07.2024;0,3
Kristiansund - Karihola;SN64300;29.07.2024;3,5
Kristiansund - Karihola;SN64300;30.07.2024;0
Kristiansund - Karihola;SN64300;31.07.2024;7,2
Kristiansund - Karihola;SN64300;01.08.2024;0,4
Kristiansund - Karihola;SN64300;02.08.2024;0
Kristiansund - Karihola;SN64300;03.08.2024;0
Kristiansund - Karihola;SN64300;04.08.2024;0
Kristiansund - Karihola;SN64300;05.08.2024;0
Kristiansund - Karihola;SN64300;06.08.2024;2,6
Kristiansund - Karihola;SN64300;07.08.2024;2,1
Kristiansund - Karihola;SN64300;08.08.2024;0,9
Kristiansund - Karihola;SN64300;09.08.2024;0,6
Kristiansund - Karihola;SN64300;10.08.2024;7,9
Kristiansund - Karihola;SN64300;11.08.2024;16,4
Kristiansund - Karihola;SN64300;12.08.2024;4,1
Kristiansund - Karihola;SN64300;13.08.2024;0
Kristiansund - Karihola;SN64300;14.08.2024;0
Kristiansund - Karihola;SN64300;15.08.2024;0
Kristiansund - Karihola;SN64300;16.08.2024;7,1
Kristiansund - Karihola;SN64300;17.08.2024;0,2
Kristiansund - Karihola;SN64300;18.08.2024;0,3
Kristiansund - Karihola;SN64300;19.08.2024;27,8
Kristiansund - Karihola;SN64300;20.08.2024;4,2
Kristiansund - Karihola;SN64300;21.08.2024;20,1
Kristiansund - Karihola;SN64300;22.08.2024;1,3
Kristiansund - Karihola;SN64300;23.08.2024;1,1
Kristiansund - Karihola;SN64300;24.08.2024;6,8
Kristiansund - Karihola;SN64300;25.08.2024;0,4
Kristiansund - Karihola;SN64300;26.08.2024;1,7
Kristiansund - Karihola;SN64300;27.08.2024;19,5
Kristiansund - Karihola;SN64300;28.08.2024;3,9
Kristiansund - Karihola;SN64300;29.08.2024;1,6
Kristiansund - Karihola;SN64300;30.08.2024;10,6
Kristiansund - Karihola;SN64300;31.08.2024;15,3
Kristiansund - Karihola;SN64300;15.09.2024;0,1
Kristiansund - Karihola;SN64300;16.09.2024;2,5
Kristiansund - Karihola;SN64300;17.09.2024;1,2
Kristiansund - Karihola;SN64300;18.09.2024;0
Kristiansund - Karihola;SN64300;19.09.2024;0
Kristiansund - Karihola;SN64300;20.09.2024;0
Kristiansund - Karihola;SN64300;21.09.2024;0
Kristiansund - Karihola;SN64300;22.09.2024;0
Kristiansund - Karihola;SN64300;23.09.2024;3,8
Kristiansund - Karihola;SN64300;24.09.2024;11,5
Kristiansund - Karihola;SN64300;25.09.2024;0
Kristiansund - Karihola;SN64300;26.09.2024;9,3
Kristiansund - Karihola;SN64300;27.09.2024;7,5
Kristiansund - Karihola;SN64300;28.09.2024;9,9
Kristiansund - Karihola;SN64300;29.09.2024;7,5
Kristiansund - Karihola;SN64300;30.09.2024;0,7
Kristiansund - Karihola;SN64300;01.10.2024;15,4
Kristiansund - Karihola;SN64300;02.10.2024;2,4
Kristiansund - Karihola;SN64300;03.10.2024;4,3
Kristiansund - Karihola;SN64300;04.10.2024;5
Kristiansund - Karihola;SN64300;05.10.2024;20,7
Kristiansund - Karihola;SN64300;06.10.2024;57,2
Kristiansund - Karihola;SN64300;07.10.2024;15,5
Kristiansund - Karihola;SN64300;08.10.2024;0
Kristiansund - Karihola;SN64300;09.10.2024;10,1
Kristiansund - Karihola;SN64300;10.10.2024;15,2
Kristiansund - Karihola;SN64300;11.10.2024;5,7
Kristiansund - Karihola;SN64300;12.10.2024;11,8
Oslo - Blindern;SN18700;12.10.2023;0
Oslo - Blindern;SN18700;13.10.2023;0
Oslo - Blindern;SN18700;14.10.2023;10,5
Oslo - Blindern;SN18700;15.10.2023;0
Oslo - Blindern;SN18700;16.10.2023;0
Oslo - Blindern;SN18700;17.10.2023;0
Oslo - Blindern;SN18700;18.10.2023;0
Oslo - Blindern;SN18700;19.10.2023;0
Oslo - Blindern;SN18700;20.10.2023;0
Oslo - Blindern;SN18700;21.10.2023;0
Oslo - Blindern;SN18700;22.10.2023;1,9
Oslo - Blindern;SN18700;23.10.2023;0,5
Oslo - Blindern;SN18700;24.10.2023;0
Oslo - Blindern;SN18700;25.10.2023;0
Oslo - Blindern;SN18700;26.10.2023;0
Oslo - Blindern;SN18700;27.10.2023;0
Oslo - Blindern;SN18700;28.10.2023;0
Oslo - Blindern;SN18700;29.10.2023;0
Oslo - Blindern;SN18700;30.10.2023;1,5
Oslo - Blindern;SN18700;31.10.2023;9,2
Oslo - Blindern;SN18700;01.11.2023;1
Oslo - Blindern;SN18700;02.11.2023;2
Oslo - Blindern;SN18700;03.11.2023;21,7
Oslo - Blindern;SN18700;04.11.2023;6,6
Oslo - Blindern;SN18700;05.11.2023;0,7
Oslo - Blindern;SN18700;06.11.2023;0,9
Oslo - Blindern;SN18700;07.11.2023;15,2
Oslo - Blindern;SN18700;08.11.2023;0,1
Oslo - Blindern;SN18700;09.11.2023;2,9
Oslo - Blindern;SN18700;10.11.2023;2,6
Oslo - Blindern;SN18700;11.11.2023;0
Oslo - Blindern;SN18700;12.11.2023;0,1
Oslo - Blindern;SN18700;13.11.2023;0,3
Oslo - Blindern;SN18700;14.11.2023;0
Oslo - Blindern;SN18700;15.11.2023;0,1
Oslo - Blindern;SN18700;16.11.2023;0
Oslo - Blindern;SN18700;17.11.2023;0
Oslo - Blindern;SN18700;18.11.2023;0
Oslo - Blindern;SN18700;19.11.2023;0
Oslo - Blindern;SN18700;20.11.2023;1,1
Oslo - Blindern;SN18700;21.11.2023;0
Oslo - Blindern;SN18700;22.11.2023;0
Oslo - Blindern;SN18700;23.11.2023;1,3
Oslo - Blindern;SN18700;24.11.2023;0
Oslo - Blindern;SN18700;25.11.2023;0,1
Oslo - Blindern;SN18700;26.11.2023;0,1
Oslo - Blindern;SN18700;27.11.2023;0
Oslo - Blindern;SN18700;28.11.2023;0,4
Oslo - Blindern;SN18700;29.11.2023;2,2
Oslo - Blindern;SN18700;30.11.2023;1,1
Oslo - Blindern;SN18700;01.12.2023;0,2
Oslo - Blindern;SN18700;02.12.2023;0
Oslo - Blindern;SN18700;03.12.2023;0
Oslo - Blindern;SN18700;04.12.2023;0
Oslo - Blindern;SN18700;05.12.2023;0
Oslo - Blindern;SN18700;06.12.2023;0,1
Oslo - Blindern;SN18700;07.12.2023;2
Oslo - Blindern;SN18700;08.12.2023;0
Oslo - Blindern;SN18700;09.12.2023;2,5
Oslo - Blindern;SN18700;10.12.2023;4,7
Oslo - Blindern;SN18700;11.12.2023;2,2
Oslo - Blindern;SN18700;12.12.2023;0,3
Oslo - Blindern;SN18700;13.12.2023;0
Oslo - Blindern;SN18700;14.12.2023;0
Oslo - Blindern;SN18700;15.12.2023;0,1
Oslo - Blindern;SN18700;16.12.2023;0
Oslo - Blindern;SN18700;17.12.2023;0
Oslo - Blindern;SN18700;18.12.2023;0
Oslo - Blindern;SN18700;19.12.2023;2,1
Oslo - Blindern;SN18700;20.12.2023;0,2
Oslo - Blindern;SN18700;21.12.2023;0,1
Oslo - Blindern;SN18700;22.12.2023;8,4
Oslo - Blindern;SN18700;23.12.2023;0
Oslo - Blindern;SN18700;24.12.2023;0
Oslo - Blindern;SN18700;25.12.2023;5,6
Oslo - Blindern;SN18700;26.12.2023;0,8
Oslo - Blindern;SN18700;27.12.2023;0
Oslo - Blindern;SN18700;28.12.2023;2,2
Oslo - Blindern;SN18700;29.12.2023;5,5
Oslo - Blindern;SN18700;30.12.2023;1,8
Oslo - Blindern;SN18700;31.12.2023;0,4
Oslo - Blindern;SN18700;01.01.2024;6,3
Oslo - Blindern;SN18700;02.01.2024;6,4
Oslo - Blindern;SN18700;03.01.2024;2,1
Oslo - Blindern;SN18700;04.01.2024;0,9
Oslo - Blindern;SN18700;05.01.2024;0
Oslo - Blindern;SN18700;06.01.2024;0
Oslo - Blindern;SN18700;07.01.2024;0
Oslo - Blindern;SN18700;08.01.2024;0
Oslo - Blindern;SN18700;09.01.2024;0
Oslo - Blindern;SN18700;10.01.2024;0
Oslo - Blindern;SN18700;11.01.2024;0
Oslo - Blindern;SN18700;12.01.2024;0
Oslo - Blindern;SN18700;13.01.2024;0
Oslo - Blindern;SN18700;14.01.2024;0,1
Oslo - Blindern;SN18700;15.01.2024;6,4
Oslo - Blindern;SN18700;16.01.2024;0
Oslo - Blindern;SN18700;17.01.2024;4,1
Oslo - Blindern;SN18700;18.01.2024;10,5
Oslo - Blindern;SN18700;19.01.2024;0,1
Oslo - Blindern;SN18700;20.01.2024;0
Oslo - Blindern;SN18700;21.01.2024;1,1
Oslo - Blindern;SN18700;22.01.2024;11,4
Oslo - Blindern;SN18700;23.01.2024;0,1
Oslo - Blindern;SN18700;24.01.2024;9,1
Oslo - Blindern;SN18700;25.01.2024;0
Oslo - Blindern;SN18700;26.01.2024;0,1
Oslo - Blindern;SN18700;27.01.2024;12,4
Oslo - Blindern;SN18700;28.01.2024;0
Oslo - Blindern;SN18700;29.01.2024;0
Oslo - Blindern;SN18700;30.01.2024;0
Oslo - Blindern;SN18700;31.01.2024;4,3
Oslo - Blindern;SN18700;01.02.2024;0,4
Oslo - Blindern;SN18700;02.02.2024;0
Oslo - Blindern;SN18700;03.02.2024;6,2
Oslo - Blindern;SN18700;04.02.2024;0
Oslo - Blindern;SN18700;05.02.2024;0,1
Oslo - Blindern;SN18700;06.02.2024;0
Oslo - Blindern;SN18700;07.02.2024;0,9
Oslo - Blindern;SN18700;08.02.2024;0
Oslo - Blindern;SN18700;09.02.2024;0
Oslo - Blindern;SN18700;10.02.2024;0,5
Oslo - Blindern;SN18700;11.02.2024;1,6
Oslo - Blindern;SN18700;12.02.2024;0,6
Oslo - Blindern;SN18700;13.02.2024;10,9
Oslo - Blindern;SN18700;14.02.2024;0,8
Oslo - Blindern;SN18700;15.02.2024;0
Oslo - Blindern;SN18700;16.02.2024;18,1
Oslo - Blindern;SN18700;17.02.2024;11,6
Oslo - Blindern;SN18700;18.02.2024;0
Oslo - Blindern;SN18700;19.02.2024;3,2
Oslo - Blindern;SN18700;20.02.2024;0
Oslo - Blindern;SN18700;21.02.2024;2,1
Oslo - Blindern;SN18700;22.02.2024;6
Oslo - Blindern;SN18700;23.02.2024;13,3
Oslo - Blindern;SN18700;24.02.2024;1,7
Oslo - Blindern;SN18700;25.02.2024;4,9
Oslo - Blindern;SN18700;26.02.2024;0,3
Oslo - Blindern;SN18700;27.02.2024;0
Oslo - Blindern;SN18700;28.02.2024;0,6
Oslo - Blindern;SN18700;29.02.2024;0
Oslo - Blindern;SN18700;01.03.2024;14,1
Oslo - Blindern;SN18700;02.03.2024;1,7
Oslo - Blindern;SN18700;03.03.2024;7,5
Oslo - Blindern;SN18700;04.03.2024;7,4
Oslo - Blindern;SN18700;05.03.2024;0
Oslo - Blindern;SN18700;06.03.2024;0
Oslo - Blindern;SN18700;07.03.2024;0
Oslo - Blindern;SN18700;08.03.2024;0
Oslo - Blindern;SN18700;09.03.2024;0
Oslo - Blindern;SN18700;10.03.2024;0
Oslo - Blindern;SN18700;11.03.2024;0
Oslo - Blindern;SN18700;12.03.2024;0
Oslo - Blindern;SN18700;13.03.2024;0
Oslo - Blindern;SN18700;14.03.2024;4,7
Oslo - Blindern;SN18700;15.03.2024;0,7
Oslo - Blindern;SN18700;16.03.2024;24,3
Oslo - Blindern;SN18700;17.03.2024;8,7
Oslo - Blindern;SN18700;18.03.2024;0
Oslo - Blindern;SN18700;19.03.2024;0,1
Oslo - Blindern;SN18700;20.03.2024;2,1
Oslo - Blindern;SN18700;21.03.2024;0
Oslo - Blindern;SN18700;22.03.2024;3,9
Oslo - Blindern;SN18700;23.03.2024;0
Oslo - Blindern;SN18700;24.03.2024;1,1
Oslo - Blindern;SN18700;25.03.2024;1,3
Oslo - Blindern;SN18700;26.03.2024;2,4
Oslo - Blindern;SN18700;27.03.2024;3,4
Oslo - Blindern;SN18700;28.03.2024;0,9
Oslo - Blindern;SN18700;29.03.2024;7
Oslo - Blindern;SN18700;30.03.2024;0,4
Oslo - Blindern;SN18700;31.03.2024;6,6
Oslo - Blindern;SN18700;01.04.2024;0,2
Oslo - Blindern;SN18700;02.04.2024;0
Oslo - Blindern;SN18700;03.04.2024;0
Oslo - Blindern;SN18700;04.04.2024;0
Oslo - Blindern;SN18700;05.04.2024;8
Oslo - Blindern;SN18700;06.04.2024;1,6
Oslo - Blindern;SN18700;07.04.2024;1,7
Oslo - Blindern;SN18700;08.04.2024;2,1
Oslo - Blindern;SN18700;09.04.2024;0
Oslo - Blindern;SN18700;10.04.2024;7,2
Oslo - Blindern;SN18700;11.04.2024;4,2
Oslo - Blindern;SN18700;12.04.2024;1
Oslo - Blindern;SN18700;13.04.2024;1,3
Oslo - Blindern;SN18700;14.04.2024;5,5
Oslo - Blindern;SN18700;15.04.2024;0
Oslo - Blindern;SN18700;16.04.2024;0
Oslo - Blindern;SN18700;17.04.2024;0
Oslo - Blindern;SN18700;18.04.2024;0
Oslo - Blindern;SN18700;19.04.2024;4,8
Oslo - Blindern;SN18700;20.04.2024;0
Oslo - Blindern;SN18700;21.04.2024;0
Oslo - Blindern;SN18700;22.04.2024;0
Oslo - Blindern;SN18700;23.04.2024;0
Oslo - Blindern;SN18700;24.04.2024;0
Oslo - Blindern;SN18700;25.04.2024;1,9
Oslo - Blindern;SN18700;26.04.2024;0,4
Oslo - Blindern;SN18700;27.04.2024;0
Oslo - Blindern;SN18700;28.04.2024;0
Oslo - Blindern;SN18700;29.04.2024;5,7
Oslo - Blindern;SN18700;30.04.2024;0,3
Oslo - Blindern;SN18700;01.05.2024;0
Oslo - Blindern;SN18700;02.05.2024;0
Oslo - Blindern;SN18700;03.05.2024;0
Oslo - Blindern;SN18700;04.05.2024;0
Oslo - Blindern;SN18700;05.05.2024;0,4
Oslo - Blindern;SN18700;06.05.2024;0
Oslo - Blindern;SN18700;07.05.2024;0
Oslo - Blindern;SN18700;08.05.2024;0,1
Oslo - Blindern;SN18700;09.05.2024;0,5
Oslo - Blindern;SN18700;10.05.2024;1,1
Oslo - Blindern;SN18700;11.05.2024;0
Oslo - Blindern;SN18700;12.05.2024;0
Oslo - Blindern;SN18700;13.05.2024;0
Oslo - Blindern;SN18700;14.05.2024;0
Oslo - Blindern;SN18700;15.05.2024;0
Oslo - Blindern;SN18700;16.05.2024;0
Oslo - Blindern;SN18700;17.05.2024;0
Oslo - Blindern;SN18700;18.05.2024;0
Oslo - Blindern;SN18700;19.05.2024;0
Oslo - Blindern;SN18700;20.05.2024;0
Oslo - Blindern;SN18700;21.05.2024;0
Oslo - Blindern;SN18700;22.05.2024;0
Oslo - Blindern;SN18700;23.05.2024;0
Oslo - Blindern;SN18700;24.05.2024;0
Oslo - Blindern;SN18700;25.05.2024;0
Oslo - Blindern;SN18700;26.05.2024;0,9
Oslo - Blindern;SN18700;27.05.2024;4,3
Oslo - Blindern;SN18700;28.05.2024;42,7
Oslo - Blindern;SN18700;29.05.2024;14,2
Oslo - Blindern;SN18700;30.05.2024;0
Oslo - Blindern;SN18700;31.05.2024;3,4
Oslo - Blindern;SN18700;01.06.2024;4,9
Oslo - Blindern;SN18700;02.06.2024;0,3
Oslo - Blindern;SN18700;03.06.2024;0
Oslo - Blindern;SN18700;04.06.2024;0
Oslo - Blindern;SN18700;05.06.2024;10,7
Oslo - Blindern;SN18700;06.06.2024;11,7
Oslo - Blindern;SN18700;07.06.2024;0,8
Oslo - Blindern;SN18700;08.06.2024;3,7
Oslo - Blindern;SN18700;09.06.2024;8,2
Oslo - Blindern;SN18700;10.06.2024;1,2
Oslo - Blindern;SN18700;11.06.2024;0
Oslo - Blindern;SN18700;12.06.2024;0,4
Oslo - Blindern;SN18700;13.06.2024;17,7
Oslo - Blindern;SN18700;14.06.2024;0,5
Oslo - Blindern;SN18700;15.06.2024;2,9
Oslo - Blindern;SN18700;16.06.2024;8,9
Oslo - Blindern;SN18700;17.06.2024;6,1
Oslo - Blindern;SN18700;18.06.2024;1,1
Oslo - Blindern;SN18700;19.06.2024;5,3
Oslo - Blindern;SN18700;20.06.2024;1,2
Oslo - Blindern;SN18700;21.06.2024;0
Oslo - Blindern;SN18700;22.06.2024;0
Oslo - Blindern;SN18700;23.06.2024;8,1
Oslo - Blindern;SN18700;24.06.2024;0
Oslo - Blindern;SN18700;25.06.2024;0
Oslo - Blindern;SN18700;26.06.2024;0
Oslo - Blindern;SN18700;27.06.2024;0
Oslo - Blindern;SN18700;28.06.2024;15,9
Oslo - Blindern;SN18700;29.06.2024;1
Oslo - Blindern;SN18700;30.06.2024;0
Oslo - Blindern;SN18700;01.07.2024;1,9
Oslo - Blindern;SN18700;02.07.2024;0
Oslo - Blindern;SN18700;03.07.2024;0
Oslo - Blindern;SN18700;04.07.2024;2,2
Oslo - Blindern;SN18700;05.07.2024;18,3
Oslo - Blindern;SN18700;06.07.2024;0,3
Oslo - Blindern;SN18700;07.07.2024;17,3
Oslo - Blindern;SN18700;08.07.2024;7,9
Oslo - Blindern;SN18700;09.07.2024;0,1
Oslo - Blindern;SN18700;10.07.2024;0,7
Oslo - Blindern;SN18700;11.07.2024;15,5
Oslo - Blindern;SN18700;12.07.2024;0
Oslo - Blindern;SN18700;13.07.2024;0
Oslo - Blindern;SN18700;14.07.2024;2,1
Oslo - Blindern;SN18700;15.07.2024;18,9
Oslo - Blindern;SN18700;16.07.2024;4,8
Oslo - Blindern;SN18700;17.07.2024;2,7
Oslo - Blindern;SN18700;18.07.2024;2,6
Oslo - Blindern;SN18700;19.07.2024;0
Oslo - Blindern;SN18700;20.07.2024;0
Oslo - Blindern;SN18700;21.07.2024;0
Oslo - Blindern;SN18700;22.07.2024;2,9
Oslo - Blindern;SN18700;23.07.2024;7,3
Oslo - Blindern;SN18700;24.07.2024;1,3
Oslo - Blindern;SN18700;25.07.2024;5,4
Oslo - Blindern;SN18700;26.07.2024;3,6
Oslo - Blindern;SN18700;27.07.2024;23,3
Oslo - Blindern;SN18700;28.07.2024;1,4
Oslo - Blindern;SN18700;29.07.2024;0,1
Oslo - Blindern;SN18700;30.07.2024;0
Oslo - Blindern;SN18700;31.07.2024;0
Oslo - Blindern;SN18700;01.08.2024;0
Oslo - Blindern;SN18700;02.08.2024;0
Oslo - Blindern;SN18700;03.08.2024;0
Oslo - Blindern;SN18700;04.08.2024;22,7
Oslo - Blindern;SN18700;05.08.2024;17,8
Oslo - Blindern;SN18700;06.08.2024;0
Oslo - Blindern;SN18700;07.08.2024;0
Oslo - Blindern;SN18700;08.08.2024;11,1
Oslo - Blindern;SN18700;09.08.2024;3,4
Oslo - Blindern;SN18700;10.08.2024;4,4
Oslo - Blindern;SN18700;11.08.2024;0
Oslo - Blindern;SN18700;12.08.2024;0
Oslo - Blindern;SN18700;13.08.2024;0
Oslo - Blindern;SN18700;14.08.2024;0,3
Oslo - Blindern;SN18700;15.08.2024;9,2
Oslo - Blindern;SN18700;16.08.2024;3,3
Oslo - Blindern;SN18700;17.08.2024;0,1
Oslo - Blindern;SN18700;18.08.2024;0
Oslo - Blindern;SN18700;19.08.2024;0
Oslo - Blindern;SN18700;20.08.2024;0,1
Oslo - Blindern;SN18700;21.08.2024;19,6
Oslo - Blindern;SN18700;22.08.2024;0,6
Oslo - Blindern;SN18700;23.08.2024;15,1
Oslo - Blindern;SN18700;24.08.2024;15,9
Oslo - Blindern;SN18700;25.08.2024;4,5
Oslo - Blindern;SN18700;26.08.2024;1
Oslo - Blindern;SN18700;27.08.2024;0
Oslo - Blindern;SN18700;28.08.2024;0,3
Oslo - Blindern;SN18700;29.08.2024;0
Oslo - Blindern;SN18700;30.08.2024;8,7
Oslo - Blindern;SN18700;31.08.2024;0
Oslo - Blindern;SN18700;01.09.2024;0
Oslo - Blindern;SN18700;02.09.2024;0
Oslo - Blindern;SN18700;03.09.2024;16,7
Oslo - Blindern;SN18700;04.09.2024;13,1
Oslo - Blindern;SN18700;05.09.2024;5,4
Oslo - Blindern;SN18700;06.09.2024;0
Oslo - Blindern;SN18700;07.09.2024;0
Oslo - Blindern;SN18700;08.09.2024;0,4
Oslo - Blindern;SN18700;09.09.2024;0,1
Oslo - Blindern;SN18700;10.09.2024;10,7
Oslo - Blindern;SN18700;11.09.2024;12,1
Oslo - Blindern;SN18700;12.09.2024;0,1
Oslo - Blindern;SN18700;13.09.2024;0
Oslo - Blindern;SN18700;14.09.2024;0
Oslo - Blindern;SN18700;15.09.2024;0
Oslo - Blindern;SN18700;16.09.2024;1,3
Oslo - Blindern;SN18700;17.09.2024;7,7
Oslo - Blindern;SN18700;18.09.2024;0
Oslo - Blindern;SN18700;19.09.2024;0
Oslo - Blindern;SN18700;20.09.2024;0
Oslo - Blindern;SN18700;21.09.2024;0
Oslo - Blindern;SN18700;22.09.2024;1
Oslo - Blindern;SN18700;23.09.2024;1,8
Oslo - Blindern;SN18700;24.09.2024;1,8
Oslo - Blindern;SN18700;25.09.2024;27,2
Oslo - Blindern;SN18700;26.09.2024;6,4
Oslo - Blindern;SN18700;27.09.2024;0
Oslo - Blindern;SN18700;28.09.2024;0
Oslo - Blindern;SN18700;29.09.2024;0
Oslo - Blindern;SN18700;30.09.2024;0
Oslo - Blindern;SN18700;01.10.2024;0
Oslo - Blindern;SN18700;02.10.2024;0
Oslo - Blindern;SN18700;03.10.2024;0
Oslo - Blindern;SN18700;04.10.2024;0
Oslo - Blindern;SN18700;05.10.2024;0
Oslo - Blindern;SN18700;06.10.2024;0
Oslo - Blindern;SN18700;07.10.2024;0
Oslo - Blindern;SN18700;08.10.2024;10,4
Oslo - Blindern;SN18700;09.10.2024;2,6
Oslo - Blindern;SN18700;10.10.2024;8,8
Oslo - Blindern;SN18700;11.10.2024;29,8
Oslo - Blindern;SN18700;12.10.2024;0
Stavanger - Våland;SN44640;12.10.2023;8,9
Stavanger - Våland;SN44640;13.10.2023;5,1
Stavanger - Våland;SN44640;14.10.2023;8,1
Stavanger - Våland;SN44640;15.10.2023;15,8
Stavanger - Våland;SN44640;16.10.2023;4,7
Stavanger - Våland;SN44640;17.10.2023;5,9
Stavanger - Våland;SN44640;18.10.2023;5,2
Stavanger - Våland;SN44640;19.10.2023;0,1
Stavanger - Våland;SN44640;20.10.2023;0
Stavanger - Våland;SN44640;21.10.2023;0
Stavanger - Våland;SN44640;22.10.2023;3,7
Stavanger - Våland;SN44640;23.10.2023;3,3
Stavanger - Våland;SN44640;24.10.2023;0,2
Stavanger - Våland;SN44640;25.10.2023;0
Stavanger - Våland;SN44640;26.10.2023;0
Stavanger - Våland;SN44640;27.10.2023;0
Stavanger - Våland;SN44640;28.10.2023;0
Stavanger - Våland;SN44640;29.10.2023;0
Stavanger - Våland;SN44640;30.10.2023;0,1
Stavanger - Våland;SN44640;31.10.2023;0
Stavanger - Våland;SN44640;01.11.2023;0,1
Stavanger - Våland;SN44640;02.11.2023;10,1
Stavanger - Våland;SN44640;03.11.2023;0,1
Stavanger - Våland;SN44640;04.11.2023;2,1
Stavanger - Våland;SN44640;05.11.2023;2,5
Stavanger - Våland;SN44640;06.11.2023;0,2
Stavanger - Våland;SN44640;07.11.2023;2,3
Stavanger - Våland;SN44640;08.11.2023;0,2
Stavanger - Våland;SN44640;09.11.2023;2,7
Stavanger - Våland;SN44640;10.11.2023;0,4
Stavanger - Våland;SN44640;11.11.2023;2,6
Stavanger - Våland;SN44640;12.11.2023;0
Stavanger - Våland;SN44640;13.11.2023;0,6
Stavanger - Våland;SN44640;14.11.2023;0
Stavanger - Våland;SN44640;15.11.2023;0
Stavanger - Våland;SN44640;16.11.2023;3,8
Stavanger - Våland;SN44640;17.11.2023;0,8
Stavanger - Våland;SN44640;18.11.2023;0,5
Stavanger - Våland;SN44640;19.11.2023;0
Stavanger - Våland;SN44640;20.11.2023;0,5
Stavanger - Våland;SN44640;21.11.2023;1,2
Stavanger - Våland;SN44640;22.11.2023;1,6
Stavanger - Våland;SN44640;23.11.2023;31,8
Stavanger - Våland;SN44640;24.11.2023;8,6
Stavanger - Våland;SN44640;25.11.2023;3,1
Stavanger - Våland;SN44640;26.11.2023;0
Stavanger - Våland;SN44640;27.11.2023;3,3
Stavanger - Våland;SN44640;28.11.2023;0
Stavanger - Våland;SN44640;29.11.2023;0
Stavanger - Våland;SN44640;30.11.2023;0
Stavanger - Våland;SN44640;01.12.2023;0
Stavanger - Våland;SN44640;02.12.2023;0
Stavanger - Våland;SN44640;03.12.2023;0,1
Stavanger - Våland;SN44640;04.12.2023;0
Stavanger - Våland;SN44640;05.12.2023;0
Stavanger - Våland;SN44640;06.12.2023;0
Stavanger - Våland;SN44640;07.12.2023;2
Stavanger - Våland;SN44640;08.12.2023;0
Stavanger - Våland;SN44640;09.12.2023;0
Stavanger - Våland;SN44640;10.12.2023;0
Stavanger - Våland;SN44640;11.12.2023;0
Stavanger - Våland;SN44640;12.12.2023;0
Stavanger - Våland;SN44640;13.12.2023;0
Stavanger - Våland;SN44640;14.12.2023;0
Stavanger - Våland;SN44640;15.12.2023;2
Stavanger - Våland;SN44640;16.12.2023;2,8
Stavanger - Våland;SN44640;17.12.2023;13,9
Stavanger - Våland;SN44640;18.12.2023;32,7
Stavanger - Våland;SN44640;19.12.2023;14,2
Stavanger - Våland;SN44640;20.12.2023;3,5
Stavanger - Våland;SN44640;21.12.2023;25,3
Stavanger - Våland;SN44640;22.12.2023;8,4
Stavanger - Våland;SN44640;23.12.2023;1,2
Stavanger - Våland;SN44640;24.12.2023;1,5
Stavanger - Våland;SN44640;25.12.2023;15,1
Stavanger - Våland;SN44640;26.12.2023;1,9
Stavanger - Våland;SN44640;27.12.2023;2,6
Stavanger - Våland;SN44640;28.12.2023;0,7
Stavanger - Våland;SN44640;29.12.2023;13,4
Stavanger - Våland;SN44640;30.12.2023;13,2
Stavanger - Våland;SN44640;31.12.2023;0,2
Stavanger - Våland;SN44640;01.01.2024;0
Stavanger - Våland;SN44640;02.01.2024;0
Stavanger - Våland;SN44640;03.01.2024;0
Stavanger - Våland;SN44640;04.01.2024;0
Stavanger - Våland;SN44640;05.01.2024;0
Stavanger - Våland;SN44640;06.01.2024;0
Stavanger - Våland;SN44640;07.01.2024;0
Stavanger - Våland;SN44640;08.01.2024;0
Stavanger - Våland;SN44640;09.01.2024;0
Stavanger - Våland;SN44640;10.01.2024;0
Stavanger - Våland;SN44640;11.01.2024;0,1
Stavanger - Våland;SN44640;12.01.2024;0,5
Stavanger - Våland;SN44640;13.01.2024;7,3
Stavanger - Våland;SN44640;14.01.2024;2,1
Stavanger - Våland;SN44640;15.01.2024;1,4
Stavanger - Våland;SN44640;22.01.2024;32
Stavanger - Våland;SN44640;23.01.2024;3
Stavanger - Våland;SN44640;24.01.2024;6,3
Stavanger - Våland;SN44640;25.01.2024;5,7
Stavanger - Våland;SN44640;26.01.2024;3,8
Stavanger - Våland;SN44640;27.01.2024;6,6
Stavanger - Våland;SN44640;28.01.2024;0
Stavanger - Våland;SN44640;29.01.2024;2,4
Stavanger - Våland;SN44640;30.01.2024;0
Stavanger - Våland;SN44640;31.01.2024;4,3
Stavanger - Våland;SN44640;01.02.2024;19,9
Stavanger - Våland;SN44640;02.02.2024;17,1
Stavanger - Våland;SN44640;03.02.2024;10,7
Stavanger - Våland;SN44640;04.02.2024;5,5
Stavanger - Våland;SN44640;05.02.2024;0,6
Stavanger - Våland;SN44640;06.02.2024;0
Stavanger - Våland;SN44640;07.02.2024;13,2
Stavanger - Våland;SN44640;08.02.2024;8,4
Stavanger - Våland;SN44640;09.02.2024;0
Stavanger - Våland;SN44640;10.02.2024;0
Stavanger - Våland;SN44640;11.02.2024;0
Stavanger - Våland;SN44640;12.02.2024;27,4
Stavanger - Våland;SN44640;13.02.2024;5
Stavanger - Våland;SN44640;14.02.2024;2,4
Stavanger - Våland;SN44640;15.02.2024;0,2
Stavanger - Våland;SN44640;16.02.2024;11,2
Stavanger - Våland;SN44640;17.02.2024;0,9
Stavanger - Våland;SN44640;18.02.2024;1,4
Stavanger - Våland;SN44640;19.02.2024;12,9
Stavanger - Våland;SN44640;20.02.2024;1,4
Stavanger - Våland;SN44640;21.02.2024;11,5
Stavanger - Våland;SN44640;22.02.2024;9
Stavanger - Våland;SN44640;23.02.2024;19,6
Stavanger - Våland;SN44640;24.02.2024;6,7
Stavanger - Våland;SN44640;25.02.2024;1,4
Stavanger - Våland;SN44640;26.02.2024;3,6
Stavanger - Våland;SN44640;27.02.2024;0,2
Stavanger - Våland;SN44640;28.02.2024;13,7
Stavanger - Våland;SN44640;29.02.2024;9,9
Stavanger - Våland;SN44640;01.03.2024;14,1
Stavanger - Våland;SN44640;02.03.2024;2,9
Stavanger - Våland;SN44640;03.03.2024;0
Stavanger - Våland;SN44640;04.03.2024;0,2
Stavanger - Våland;SN44640;05.03.2024;0
Stavanger - Våland;SN44640;06.03.2024;0
Stavanger - Våland;SN44640;07.03.2024;0,2
Stavanger - Våland;SN44640;08.03.2024;0
Stavanger - Våland;SN44640;09.03.2024;0
Stavanger - Våland;SN44640;10.03.2024;0
Stavanger - Våland;SN44640;11.03.2024;0
Stavanger - Våland;SN44640;12.03.2024;0
Stavanger - Våland;SN44640;13.03.2024;0
Stavanger - Våland;SN44640;14.03.2024;25
Stavanger - Våland;SN44640;15.03.2024;11,1
Stavanger - Våland;SN44640;16.03.2024;8,1
Stavanger - Våland;SN44640;17.03.2024;0
Stavanger - Våland;SN44640;18.03.2024;0
Stavanger - Våland;SN44640;19.03.2024;0,4
Stavanger - Våland;SN44640;20.03.2024;2,2
Stavanger - Våland;SN44640;21.03.2024;0
Stavanger - Våland;SN44640;22.03.2024;14,2
Stavanger - Våland;SN44640;23.03.2024;1,7
Stavanger - Våland;SN44640;24.03.2024;10,5
Stavanger - Våland;SN44640;25.03.2024;0
Stavanger - Våland;SN44640;26.03.2024;0
Stavanger - Våland;SN44640;27.03.2024;0,3
Stavanger - Våland;SN44640;28.03.2024;3,9
Stavanger - Våland;SN44640;29.03.2024;19,2
Stavanger - Våland;SN44640;30.03.2024;2,1
Stavanger - Våland;SN44640;31.03.2024;13,5
Stavanger - Våland;SN44640;01.04.2024;0,2
Stavanger - Våland;SN44640;02.04.2024;0
Stavanger - Våland;SN44640;03.04.2024;0
Stavanger - Våland;SN44640;04.04.2024;4,2
Stavanger - Våland;SN44640;05.04.2024;4,7
Stavanger - Våland;SN44640;06.04.2024;8,9
Stavanger - Våland;SN44640;07.04.2024;6,5
Stavanger - Våland;SN44640;08.04.2024;1,9
Stavanger - Våland;SN44640;09.04.2024;0,3
Stavanger - Våland;SN44640;10.04.2024;6,3
Stavanger - Våland;SN44640;11.04.2024;13,2
Stavanger - Våland;SN44640;12.04.2024;3
Stavanger - Våland;SN44640;13.04.2024;5,2
Stavanger - Våland;SN44640;14.04.2024;8,4
Stavanger - Våland;SN44640;15.04.2024;0,1
Stavanger - Våland;SN44640;16.04.2024;0
Stavanger - Våland;SN44640;17.04.2024;0
Stavanger - Våland;SN44640;18.04.2024;0
Stavanger - Våland;SN44640;19.04.2024;0,2
Stavanger - Våland;SN44640;20.04.2024;2,4
Stavanger - Våland;SN44640;21.04.2024;0
Stavanger - Våland;SN44640;22.04.2024;0
Stavanger - Våland;SN44640;23.04.2024;0,6
Stavanger - Våland;SN44640;24.04.2024;0
Stavanger - Våland;SN44640;25.04.2024;0
Stavanger - Våland;SN44640;26.04.2024;1,4
Stavanger - Våland;SN44640;27.04.2024;0
Stavanger - Våland;SN44640;28.04.2024;3,7
Stavanger - Våland;SN44640;29.04.2024;8,8
Stavanger - Våland;SN44640;30.04.2024;0
Stavanger - Våland;SN44640;01.05.2024;1,3
Stavanger - Våland;SN44640;02.05.2024;0
Stavanger - Våland;SN44640;03.05.2024;0
Stavanger - Våland;SN44640;04.05.2024;0
Stavanger - Våland;SN44640;05.05.2024;0
Stavanger - Våland;SN44640;06.05.2024;0
Stavanger - Våland;SN44640;07.05.2024;0
Stavanger - Våland;SN44640;08.05.2024;0,4
Stavanger - Våland;SN44640;09.05.2024;0
Stavanger - Våland;SN44640;10.05.2024;12
Stavanger - Våland;SN44640;11.05.2024;0
Stavanger - Våland;SN44640;12.05.2024;0
Stavanger - Våland;SN44640;13.05.2024;0
Stavanger - Våland;SN44640;14.05.2024;0
Stavanger - Våland;SN44640;15.05.2024;0
Stavanger - Våland;SN44640;16.05.2024;0
Stavanger - Våland;SN44640;17.05.2024;0
Stavanger - Våland;SN44640;18.05.2024;0
Stavanger - Våland;SN44640;19.05.2024;0
Stavanger - Våland;SN44640;20.05.2024;0
Stavanger - Våland;SN44640;21.05.2024;0
Stavanger - Våland;SN44640;22.05.2024;0,1
Stavanger - Våland;SN44640;23.05.2024;0
Stavanger - Våland;SN44640;24.05.2024;8,3
Stavanger - Våland;SN44640;25.05.2024;0
Stavanger - Våland;SN44640;26.05.2024;4,2
Stavanger - Våland;SN44640;27.05.2024;6
Stavanger - Våland;SN44640;28.05.2024;2
Stavanger - Våland;SN44640;29.05.2024;1,9
Stavanger - Våland;SN44640;30.05.2024;1,2
Stavanger - Våland;SN44640;31.05.2024;4,7
Stavanger - Våland;SN44640;01.06.2024;0
Stavanger - Våland;SN44640;02.06.2024;0
Stavanger - Våland;SN44640;03.06.2024;2,9
Stavanger - Våland;SN44640;04.06.2024;1,8
Stavanger - Våland;SN44640;05.06.2024;21
Stavanger - Våland;SN44640;06.06.2024;8,4
Stavanger - Våland;SN44640;07.06.2024;12,2
Stavanger - Våland;SN44640;08.06.2024;7,9
Stavanger - Våland;SN44640;09.06.2024;8,6
Stavanger - Våland;SN44640;10.06.2024;15,5
Stavanger - Våland;SN44640;11.06.2024;0
Stavanger - Våland;SN44640;12.06.2024;0
Stavanger - Våland;SN44640;13.06.2024;0
Stavanger - Våland;SN44640;14.06.2024;0
Stavanger - Våland;SN44640;15.06.2024;2,4
Stavanger - Våland;SN44640;16.06.2024;2,4
Stavanger - Våland;SN44640;17.06.2024;9,1
Stavanger - Våland;SN44640;18.06.2024;11
Stavanger - Våland;SN44640;19.06.2024;2,6
Stavanger - Våland;SN44640;20.06.2024;0
Stavanger - Våland;SN44640;21.06.2024;0
Stavanger - Våland;SN44640;22.06.2024;5,3
Stavanger - Våland;SN44640;23.06.2024;0,6
Stavanger - Våland;SN44640;24.06.2024;0
Stavanger - Våland;SN44640;25.06.2024;0
Stavanger - Våland;SN44640;26.06.2024;0
Stavanger - Våland;SN44640;27.06.2024;0
Stavanger - Våland;SN44640;28.06.2024;0
Stavanger - Våland;SN44640;29.06.2024;14,4
Stavanger - Våland;SN44640;30.06.2024;6,4
Stavanger - Våland;SN44640;01.07.2024;1,3
Stavanger - Våland;SN44640;02.07.2024;2,7
Stavanger - Våland;SN44640;03.07.2024;0,1
Stavanger - Våland;SN44640;04.07.2024;0,6
Stavanger - Våland;SN44640;05.07.2024;22
Stavanger - Våland;SN44640;06.07.2024;6
Stavanger - Våland;SN44640;07.07.2024;9,4
Stavanger - Våland;SN44640;08.07.2024;15,3
Stavanger - Våland;SN44640;09.07.2024;0,3
Stavanger - Våland;SN44640;10.07.2024;8,7
Stavanger - Våland;SN44640;11.07.2024;9,5
Stavanger - Våland;SN44640;12.07.2024;4,9
Stavanger - Våland;SN44640;13.07.2024;0
Stavanger - Våland;SN44640;14.07.2024;7,4
Stavanger - Våland;SN44640;15.07.2024;0,8
Stavanger - Våland;SN44640;16.07.2024;0,3
Stavanger - Våland;SN44640;17.07.2024;0
Stavanger - Våland;SN44640;18.07.2024;0,1
Stavanger - Våland;SN44640;19.07.2024;0
Stavanger - Våland;SN44640;20.07.2024;0
Stavanger - Våland;SN44640;21.07.2024;0
Stavanger - Våland;SN44640;22.07.2024;10,6
Stavanger - Våland;SN44640;23.07.2024;0
Stavanger - Våland;SN44640;24.07.2024;0
Stavanger - Våland;SN44640;25.07.2024;0
Stavanger - Våland;SN44640;26.07.2024;5,7
Stavanger - Våland;SN44640;27.07.2024;5
Stavanger - Våland;SN44640;28.07.2024;0
Stavanger - Våland;SN44640;29.07.2024;0
Stavanger - Våland;SN44640;30.07.2024;0
Stavanger - Våland;SN44640;31.07.2024;0
Stavanger - Våland;SN44640;01.08.2024;0
Stavanger - Våland;SN44640;02.08.2024;0,2
Stavanger - Våland;SN44640;03.08.2024;0
Stavanger - Våland;SN44640;04.08.2024;8,8
Stavanger - Våland;SN44640;05.08.2024;0
Stavanger - Våland;SN44640;06.08.2024;0,1
Stavanger - Våland;SN44640;07.08.2024;8,2
Stavanger - Våland;SN44640;08.08.2024;3,8
Stavanger - Våland;SN44640;09.08.2024;3,5
Stavanger - Våland;SN44640;10.08.2024;18
Stavanger - Våland;SN44640;11.08.2024;7,7
Stavanger - Våland;SN44640;12.08.2024;0
Stavanger - Våland;SN44640;13.08.2024;0
Stavanger - Våland;SN44640;14.08.2024;0
Stavanger - Våland;SN44640;15.08.2024;0
Stavanger - Våland;SN44640;16.08.2024;21,6
Stavanger - Våland;SN44640;17.08.2024;2,4
Stavanger - Våland;SN44640;18.08.2024;0
Stavanger - Våland;SN44640;19.08.2024;8,5
Stavanger - Våland;SN44640;20.08.2024;4,2
Stavanger - Våland;SN44640;21.08.2024;21,1
Stavanger - Våland;SN44640;22.08.2024;9,2
Stavanger - Våland;SN44640;23.08.2024;15,9
Stavanger - Våland;SN44640;24.08.2024;15,8
Stavanger - Våland;SN44640;25.08.2024;7,3
Stavanger - Våland;SN44640;26.08.2024;10,8
Stavanger - Våland;SN44640;27.08.2024;0,3
Stavanger - Våland;SN44640;28.08.2024;9
Stavanger - Våland;SN44640;29.08.2024;0,1
Stavanger - Våland;SN44640;30.08.2024;4,1
Stavanger - Våland;SN44640;31.08.2024;1,2
Stavanger - Våland;SN44640;01.09.2024;0
Stavanger - Våland;SN44640;02.09.2024;0
Stavanger - Våland;SN44640;03.09.2024;3,7
Stavanger - Våland;SN44640;04.09.2024;32
Stavanger - Våland;SN44640;05.09.2024;2
Stavanger - Våland;SN44640;06.09.2024;0
Stavanger - Våland;SN44640;07.09.2024;0
Stavanger - Våland;SN44640;08.09.2024;0
Stavanger - Våland;SN44640;09.09.2024;20,4
Stavanger - Våland;SN44640;10.09.2024;10,9
Stavanger - Våland;SN44640;11.09.2024;20,5
Stavanger - Våland;SN44640;12.09.2024;19
Stavanger - Våland;SN44640;13.09.2024;6,9
Stavanger - Våland;SN44640;14.09.2024;1,7
Stavanger - Våland;SN44640;15.09.2024;0,7
Stavanger - Våland;SN44640;16.09.2024;8
Stavanger - Våland;SN44640;17.09.2024;0
Stavanger - Våland;SN44640;18.09.2024;0,1
Stavanger - Våland;SN44640;19.09.2024;0,1
Stavanger - Våland;SN44640;20.09.2024;0
Stavanger - Våland;SN44640;21.09.2024;0,1
Stavanger - Våland;SN44640;22.09.2024;0
Stavanger - Våland;SN44640;23.09.2024;0
Stavanger - Våland;SN44640;24.09.2024;24,7
Stavanger - Våland;SN44640;25.09.2024;8,1
Stavanger - Våland;SN44640;26.09.2024;9,4
Stavanger - Våland;SN44640;27.09.2024;0,1
Stavanger - Våland;SN44640;28.09.2024;2,3
Stavanger - Våland;SN44640;29.09.2024;5,7
Stavanger - Våland;SN44640;30.09.2024;9,7
Stavanger - Våland;SN44640;01.10.2024;0,1
Stavanger - Våland;SN44640;02.10.2024;0
Stavanger - Våland;SN44640;03.10.2024;0
Stavanger - Våland;SN44640;04.10.2024;0
Stavanger - Våland;SN44640;05.10.2024;0
Stavanger - Våland;SN44640;06.10.2024;0
Stavanger - Våland;SN44640;07.10.2024;0
Stavanger - Våland;SN44640;08.10.2024;11,9
Stavanger - Våland;SN44640;09.10.2024;4,9
Stavanger - Våland;SN44640;10.10.2024;1,5
Stavanger - Våland;SN44640;11.10.2024;4,1
Stavanger - Våland;SN44640;12.10.2024;9,6
Tromsø;SN90450;12.10.2023;0,1
Tromsø;SN90450;13.10.2023;3,8
Tromsø;SN90450;14.10.2023;0,4
Tromsø;SN90450;15.10.2023;0
Tromsø;SN90450;16.10.2023;6,4
Tromsø;SN90450;17.10.2023;0,7
Tromsø;SN90450;18.10.2023;0,1
Tromsø;SN90450;19.10.2023;0,3
Tromsø;SN90450;20.10.2023;0,1
Tromsø;SN90450;21.10.2023;1,6
Tromsø;SN90450;22.10.2023;2,5
Tromsø;SN90450;23.10.2023;0,1
Tromsø;SN90450;24.10.2023;0
Tromsø;SN90450;25.10.2023;0
Tromsø;SN90450;26.10.2023;0,2
Tromsø;SN90450;27.10.2023;1,5
Tromsø;SN90450;28.10.2023;0
Tromsø;SN90450;29.10.2023;0
Tromsø;SN90450;30.10.2023;0
Tromsø;SN90450;31.10.2023;0,8
Tromsø;SN90450;01.11.2023;2,9
Tromsø;SN90450;02.11.2023;0
Tromsø;SN90450;03.11.2023;0
Tromsø;SN90450;04.11.2023;0
Tromsø;SN90450;05.11.2023;0
Tromsø;SN90450;06.11.2023;0
Tromsø;SN90450;07.11.2023;0,5
Tromsø;SN90450;08.11.2023;0
Tromsø;SN90450;09.11.2023;0
Tromsø;SN90450;10.11.2023;5
Tromsø;SN90450;11.11.2023;6,1
Tromsø;SN90450;12.11.2023;0
Tromsø;SN90450;13.11.2023;0
Tromsø;SN90450;14.11.2023;0
Tromsø;SN90450;15.11.2023;2,5
Tromsø;SN90450;16.11.2023;2,6
Tromsø;SN90450;17.11.2023;10,5
Tromsø;SN90450;18.11.2023;9,4
Tromsø;SN90450;19.11.2023;5,9
Tromsø;SN90450;20.11.2023;0,1
Tromsø;SN90450;21.11.2023;0
Tromsø;SN90450;22.11.2023;1,3
Tromsø;SN90450;23.11.2023;3
Tromsø;SN90450;24.11.2023;5,5
Tromsø;SN90450;25.11.2023;0
Tromsø;SN90450;26.11.2023;2
Tromsø;SN90450;27.11.2023;0,8
Tromsø;SN90450;28.11.2023;0
Tromsø;SN90450;29.11.2023;0
Tromsø;SN90450;30.11.2023;0
Tromsø;SN90450;01.12.2023;0
Tromsø;SN90450;02.12.2023;0,1
Tromsø;SN90450;03.12.2023;0
Tromsø;SN90450;04.12.2023;0,2
Tromsø;SN90450;05.12.2023;3,8
Tromsø;SN90450;06.12.2023;0
Tromsø;SN90450;07.12.2023;1,6
Tromsø;SN90450;08.12.2023;1,1
Tromsø;SN90450;09.12.2023;0,4
Tromsø;SN90450;10.12.2023;0
Tromsø;SN90450;11.12.2023;0
Tromsø;SN90450;12.12.2023;0,7
Tromsø;SN90450;13.12.2023;0
Tromsø;SN90450;14.12.2023;0
Tromsø;SN90450;15.12.2023;0
Tromsø;SN90450;16.12.2023;1,2
Tromsø;SN90450;17.12.2023;9,2
Tromsø;SN90450;18.12.2023;15,9
Tromsø;SN90450;19.12.2023;0,8
Tromsø;SN90450;20.12.2023;8,7
Tromsø;SN90450;21.12.2023;4,4
Tromsø;SN90450;22.12.2023;0
Tromsø;SN90450;23.12.2023;0
Tromsø;SN90450;24.12.2023;0
Tromsø;SN90450;25.12.2023;0,1
Tromsø;SN90450;26.12.2023;3,2
Tromsø;SN90450;27.12.2023;4,6
Tromsø;SN90450;28.12.2023;0,3
Tromsø;SN90450;29.12.2023;0
Tromsø;SN90450;30.12.2023;0
Tromsø;SN90450;31.12.2023;0
Tromsø;SN90450;01.01.2024;0
Tromsø;SN90450;02.01.2024;0
Tromsø;SN90450;03.01.2024;0
Tromsø;SN90450;04.01.2024;0
Tromsø;SN90450;05.01.2024;0
Tromsø;SN90450;06.01.2024;0,5
Tromsø;SN90450;07.01.2024;8,5
Tromsø;SN90450;08.01.2024;5,3
Tromsø;SN90450;09.01.2024;35,8
Tromsø;SN90450;10.01.2024;18,7
Tromsø;SN90450;11.01.2024;9,5
Tromsø;SN90450;12.01.2024;8,4
Tromsø;SN90450;13.01.2024;0,2
Tromsø;SN90450;14.01.2024;1,5
Tromsø;SN90450;15.01.2024;6,5
Tromsø;SN90450;16.01.2024;0
Tromsø;SN90450;17.01.2024;0,1
Tromsø;SN90450;18.01.2024;0
Tromsø;SN90450;19.01.2024;0
Tromsø;SN90450;20.01.2024;0
Tromsø;SN90450;21.01.2024;3
Tromsø;SN90450;22.01.2024;2
Tromsø;SN90450;23.01.2024;0
Tromsø;SN90450;24.01.2024;7,6
Tromsø;SN90450;25.01.2024;0
Tromsø;SN90450;26.01.2024;0
Tromsø;SN90450;27.01.2024;3
Tromsø;SN90450;28.01.2024;11,5
Tromsø;SN90450;29.01.2024;18,6
Tromsø;SN90450;30.01.2024;20,1
Tromsø;SN90450;31.01.2024;17,5
Tromsø;SN90450;01.02.2024;2,8
Tromsø;SN90450;02.02.2024;18
Tromsø;SN90450;03.02.2024;1,3
Tromsø;SN90450;04.02.2024;8,4
Tromsø;SN90450;05.02.2024;0
Tromsø;SN90450;06.02.2024;0
Tromsø;SN90450;07.02.2024;2,2
Tromsø;SN90450;08.02.2024;0
Tromsø;SN90450;09.02.2024;0,8
Tromsø;SN90450;10.02.2024;0,4
Tromsø;SN90450;11.02.2024;0,1
Tromsø;SN90450;12.02.2024;1
Tromsø;SN90450;13.02.2024;0
Tromsø;SN90450;14.02.2024;0,9
Tromsø;SN90450;15.02.2024;2,1
Tromsø;SN90450;16.02.2024;0,1
Tromsø;SN90450;17.02.2024;3,8
Tromsø;SN90450;18.02.2024;10,5
Tromsø;SN90450;19.02.2024;10,6
Tromsø;SN90450;20.02.2024;14,1
Tromsø;SN90450;21.02.2024;0
Tromsø;SN90450;22.02.2024;2,1
Tromsø;SN90450;23.02.2024;0
Tromsø;SN90450;24.02.2024;0
Tromsø;SN90450;25.02.2024;0
Tromsø;SN90450;26.02.2024;0,5
Tromsø;SN90450;27.02.2024;6,3
Tromsø;SN90450;28.02.2024;0
Tromsø;SN90450;29.02.2024;1,3
Tromsø;SN90450;01.03.2024;1,2
Tromsø;SN90450;02.03.2024;0
Tromsø;SN90450;03.03.2024;0
Tromsø;SN90450;04.03.2024;0,3
Tromsø;SN90450;05.03.2024;0
Tromsø;SN90450;06.03.2024;0
Tromsø;SN90450;07.03.2024;0
Tromsø;SN90450;08.03.2024;0,1
Tromsø;SN90450;09.03.2024;0,3
Tromsø;SN90450;10.03.2024;2,2
Tromsø;SN90450;11.03.2024;2,9
Tromsø;SN90450;12.03.2024;0,2
Tromsø;SN90450;13.03.2024;1
Tromsø;SN90450;14.03.2024;0
Tromsø;SN90450;15.03.2024;2,9
Tromsø;SN90450;16.03.2024;5,2
Tromsø;SN90450;17.03.2024;11,7
Tromsø;SN90450;18.03.2024;6
Tromsø;SN90450;19.03.2024;5,9
Tromsø;SN90450;20.03.2024;0,1
Tromsø;SN90450;21.03.2024;0,8
Tromsø;SN90450;22.03.2024;0
Tromsø;SN90450;23.03.2024;0
Tromsø;SN90450;24.03.2024;1,2
Tromsø;SN90450;25.03.2024;4
Tromsø;SN90450;26.03.2024;0,1
Tromsø;SN90450;27.03.2024;0
Tromsø;SN90450;28.03.2024;0,1
Tromsø;SN90450;29.03.2024;0,1
Tromsø;SN90450;30.03.2024;0
Tromsø;SN90450;31.03.2024;0
Tromsø;SN90450;01.04.2024;0,4
Tromsø;SN90450;02.04.2024;1,7
Tromsø;SN90450;03.04.2024;6,2
Tromsø;SN90450;04.04.2024;0,2
Tromsø;SN90450;05.04.2024;0
Tromsø;SN90450;06.04.2024;0
Tromsø;SN90450;07.04.2024;0
Tromsø;SN90450;08.04.2024;1,3
Tromsø;SN90450;09.04.2024;0,8
Tromsø;SN90450;10.04.2024;7,2
Tromsø;SN90450;11.04.2024;6,9
Tromsø;SN90450;12.04.2024;5,7
Tromsø;SN90450;13.04.2024;2,2
Tromsø;SN90450;14.04.2024;0,4
Tromsø;SN90450;15.04.2024;0,8
Tromsø;SN90450;16.04.2024;1,3
Tromsø;SN90450;17.04.2024;0
Tromsø;SN90450;18.04.2024;0
Tromsø;SN90450;19.04.2024;0
Tromsø;SN90450;20.04.2024;0
Tromsø;SN90450;21.04.2024;0
Tromsø;SN90450;22.04.2024;0
Tromsø;SN90450;23.04.2024;0
Tromsø;SN90450;24.04.2024;2,4
Tromsø;SN90450;25.04.2024;0
Tromsø;SN90450;26.04.2024;0
Tromsø;SN90450;27.04.2024;0
Tromsø;SN90450;28.04.2024;0
Tromsø;SN90450;29.04.2024;0
Tromsø;SN90450;30.04.2024;0
Tromsø;SN90450;01.05.2024;0
Tromsø;SN90450;02.05.2024;5,2
Tromsø;SN90450;03.05.2024;2,7
Tromsø;SN90450;04.05.2024;1,6
Tromsø;SN90450;05.05.2024;0,9
Tromsø;SN90450;06.05.2024;0
Tromsø;SN90450;07.05.2024;0
Tromsø;SN90450;08.05.2024;0
Tromsø;SN90450;09.05.2024;0
Tromsø;SN90450;10.05.2024;8
Tromsø;SN90450;11.05.2024;2,5
Tromsø;SN90450;12.05.2024;6,6
Tromsø;SN90450;13.05.2024;9,6
Tromsø;SN90450;14.05.2024;3,8
Tromsø;SN90450;15.05.2024;5,1
Tromsø;SN90450;16.05.2024;0,1
Tromsø;SN90450;17.05.2024;0
Tromsø;SN90450;18.05.2024;0
Tromsø;SN90450;19.05.2024;1,4
Tromsø;SN90450;20.05.2024;6,9
Tromsø;SN90450;21.05.2024;3,6
Tromsø;SN90450;22.05.2024;0,1
Tromsø;SN90450;23.05.2024;0
Tromsø;SN90450;24.05.2024;2,7
Tromsø;SN90450;25.05.2024;0,1
Tromsø;SN90450;26.05.2024;0
Tromsø;SN90450;27.05.2024;0
Tromsø;SN90450;28.05.2024;0
Tromsø;SN90450;29.05.2024;0
Tromsø;SN90450;30.05.2024;0
Tromsø;SN90450;31.05.2024;0
Tromsø;SN90450;01.06.2024;0,8
Tromsø;SN90450;02.06.2024;0,1
Tromsø;SN90450;03.06.2024;0
Tromsø;SN90450;04.06.2024;13,4
Tromsø;SN90450;05.06.2024;0,1
Tromsø;SN90450;06.06.2024;0
Tromsø;SN90450;07.06.2024;1,7
Tromsø;SN90450;08.06.2024;5,8
Tromsø;SN90450;09.06.2024;2,7
Tromsø;SN90450;10.06.2024;0,8
Tromsø;SN90450;11.06.2024;0
Tromsø;SN90450;12.06.2024;1,1
Tromsø;SN90450;13.06.2024;0
Tromsø;SN90450;14.06.2024;0
Tromsø;SN90450;15.06.2024;0
Tromsø;SN90450;16.06.2024;0
Tromsø;SN90450;17.06.2024;0
Tromsø;SN90450;18.06.2024;0,4
Tromsø;SN90450;19.06.2024;0,6
Tromsø;SN90450;20.06.2024;2,4
Tromsø;SN90450;21.06.2024;5
Tromsø;SN90450;22.06.2024;0,5
Tromsø;SN90450;23.06.2024;0
Tromsø;SN90450;24.06.2024;4,3
Tromsø;SN90450;25.06.2024;0
Tromsø;SN90450;26.06.2024;9,9
Tromsø;SN90450;27.06.2024;0,1
Tromsø;SN90450;28.06.2024;0
Tromsø;SN90450;29.06.2024;0
Tromsø;SN90450;30.06.2024;0,2
Tromsø;SN90450;01.07.2024;0
Tromsø;SN90450;02.07.2024;0
Tromsø;SN90450;03.07.2024;1,2
Tromsø;SN90450;04.07.2024;0
Tromsø;SN90450;05.07.2024;0
Tromsø;SN90450;06.07.2024;0,5
Tromsø;SN90450;07.07.2024;12,2
Tromsø;SN90450;08.07.2024;1,8
Tromsø;SN90450;09.07.2024;0,5
Tromsø;SN90450;10.07.2024;0,6
Tromsø;SN90450;11.07.2024;0
Tromsø;SN90450;12.07.2024;2,6
Tromsø;SN90450;13.07.2024;0,2
Tromsø;SN90450;14.07.2024;0
Tromsø;SN90450;15.07.2024;0
Tromsø;SN90450;16.07.2024;0
Tromsø;SN90450;17.07.2024;0
Tromsø;SN90450;18.07.2024;0
Tromsø;SN90450;19.07.2024;0
Tromsø;SN90450;20.07.2024;0
Tromsø;SN90450;21.07.2024;0
Tromsø;SN90450;22.07.2024;0
Tromsø;SN90450;23.07.2024;0
Tromsø;SN90450;24.07.2024;5,1
Tromsø;SN90450;25.07.2024;4,9
Tromsø;SN90450;26.07.2024;0
Tromsø;SN90450;27.07.2024;0,2
Tromsø;SN90450;28.07.2024;2,3
Tromsø;SN90450;29.07.2024;2
Tromsø;SN90450;30.07.2024;0
Tromsø;SN90450;31.07.2024;0
Tromsø;SN90450;01.08.2024;0
Tromsø;SN90450;02.08.2024;1
Tromsø;SN90450;03.08.2024;0
Tromsø;SN90450;04.08.2024;0
Tromsø;SN90450;05.08.2024;0
Tromsø;SN90450;06.08.2024;0
Tromsø;SN90450;07.08.2024;0
Tromsø;SN90450;08.08.2024;0
Tromsø;SN90450;09.08.2024;0,2
Tromsø;SN90450;10.08.2024;5,1
Tromsø;SN90450;11.08.2024;0
Tromsø;SN90450;12.08.2024;0
Tromsø;SN90450;13.08.2024;2,9
Tromsø;SN90450;14.08.2024;0
Tromsø;SN90450;15.08.2024;0,9
Tromsø;SN90450;16.08.2024;3,1
Tromsø;SN90450;17.08.2024;24,8
Tromsø;SN90450;18.08.2024;0
Tromsø;SN90450;19.08.2024;7,1
Tromsø;SN90450;20.08.2024;12,8
Tromsø;SN90450;21.08.2024;0
Tromsø;SN90450;22.08.2024;14,7
Tromsø;SN90450;23.08.2024;0
Tromsø;SN90450;24.08.2024;0,2
Tromsø;SN90450;25.08.2024;8,2
Tromsø;SN90450;26.08.2024;0,2
Tromsø;SN90450;27.08.2024;4,8
Tromsø;SN90450;28.08.2024;21,6
Tromsø;SN90450;29.08.2024;7,6
Tromsø;SN90450;30.08.2024;0
Tromsø;SN90450;31.08.2024;5,8
Tromsø;SN90450;01.09.2024;0,2
Tromsø;SN90450;02.09.2024;0
Tromsø;SN90450;03.09.2024;0
Tromsø;SN90450;04.09.2024;1
Tromsø;SN90450;05.09.2024;0,2
Tromsø;SN90450;06.09.2024;0
Tromsø;SN90450;07.09.2024;0,3
Tromsø;SN90450;08.09.2024;7,4
Tromsø;SN90450;09.09.2024;1,7
Tromsø;SN90450;10.09.2024;0
Tromsø;SN90450;11.09.2024;0,3
Tromsø;SN90450;12.09.2024;0
Tromsø;SN90450;13.09.2024;0
Tromsø;SN90450;14.09.2024;0
Tromsø;SN90450;15.09.2024;0
Tromsø;SN90450;16.09.2024;0
Tromsø;SN90450;17.09.2024;0,5
Tromsø;SN90450;18.09.2024;6,6
Tromsø;SN90450;19.09.2024;11,9
Tromsø;SN90450;20.09.2024;11,3
Tromsø;SN90450;21.09.2024;11,5
Tromsø;SN90450;22.09.2024;11,8
Tromsø;SN90450;23.09.2024;2,1
Tromsø;SN90450;24.09.2024;0,1
Tromsø;SN90450;25.09.2024;3,7
Tromsø;SN90450;26.09.2024;0
Tromsø;SN90450;27.09.2024;4,7
Tromsø;SN90450;28.09.2024;0
Tromsø;SN90450;29.09.2024;0
Tromsø;SN90450;30.09.2024;10,8
Tromsø;SN90450;01.10.2024;4,4
Tromsø;SN90450;02.10.2024;8,1
Tromsø;SN90450;03.10.2024;0,8
Tromsø;SN90450;04.10.2024;14,4
Tromsø;SN90450;05.10.2024;15,3
Tromsø;SN90450;06.10.2024;6,7
Tromsø;SN90450;07.10.2024;0,5
Tromsø;SN90450;08.10.2024;0
Tromsø;SN90450;09.10.2024;1
Tromsø;SN90450;10.10.2024;0,2
Tromsø;SN90450;11.10.2024;6,1
Tromsø;SN90450;12.10.2024;7,7
Trondheim - Risvollan;SN68230;15.05.2024;0
Trondheim - Risvollan;SN68230;16.05.2024;0
Trondheim - Risvollan;SN68230;17.05.2024;0
Trondheim - Risvollan;SN68230;18.05.2024;0
Trondheim - Risvollan;SN68230;19.05.2024;0
Trondheim - Risvollan;SN68230;20.05.2024;0
Trondheim - Risvollan;SN68230;21.05.2024;0
Trondheim - Risvollan;SN68230;22.05.2024;0
Trondheim - Risvollan;SN68230;23.05.2024;0
Trondheim - Risvollan;SN68230;24.05.2024;0
Trondheim - Risvollan;SN68230;25.05.2024;0
Trondheim - Risvollan;SN68230;26.05.2024;0
Trondheim - Risvollan;SN68230;27.05.2024;0
Trondheim - Risvollan;SN68230;28.05.2024;0
Trondheim - Risvollan;SN68230;29.05.2024;0
Trondheim - Risvollan;SN68230;30.05.2024;0
Trondheim - Risvollan;SN68230;31.05.2024;0
Trondheim - Risvollan;SN68230;01.06.2024;0
Trondheim - Risvollan;SN68230;02.06.2024;0
Trondheim - Risvollan;SN68230;03.06.2024;1,2
Trondheim - Risvollan;SN68230;04.06.2024;13,5
Trondheim - Risvollan;SN68230;05.06.2024;1,2
Trondheim - Risvollan;SN68230;06.06.2024;24,7
Trondheim - Risvollan;SN68230;07.06.2024;4,9
Trondheim - Risvollan;SN68230;08.06.2024;0
Trondheim - Risvollan;SN68230;09.06.2024;0
Trondheim - Risvollan;SN68230;10.06.2024;1,8
Trondheim - Risvollan;SN68230;11.06.2024;33,9
Trondheim - Risvollan;SN68230;12.06.2024;0
Trondheim - Risvollan;SN68230;13.06.2024;0
Trondheim - Risvollan;SN68230;14.06.2024;0
Trondheim - Risvollan;SN68230;15.06.2024;0
Trondheim - Risvollan;SN68230;16.06.2024;0
Trondheim - Risvollan;SN68230;17.06.2024;0
Trondheim - Risvollan;SN68230;18.06.2024;0
Trondheim - Risvollan;SN68230;19.06.2024;0
Trondheim - Risvollan;SN68230;20.06.2024;0,2
Trondheim - Risvollan;SN68230;25.08.2024;0,1
Trondheim - Risvollan;SN68230;26.08.2024;4,6
Trondheim - Risvollan;SN68230;27.08.2024;0,9
Trondheim - Risvollan;SN68230;28.08.2024;1,7
Trondheim - Risvollan;SN68230;29.08.2024;0,4
Trondheim - Risvollan;SN68230;30.08.2024;3,6
Trondheim - Risvollan;SN68230;31.08.2024;7,7
Trondheim - Risvollan;SN68230;01.09.2024;0,8
Trondheim - Risvollan;SN68230;02.09.2024;0
Trondheim - Risvollan;SN68230;03.09.2024;2,4
Trondheim - Risvollan;SN68230;04.09.2024;1,9
Trondheim - Risvollan;SN68230;05.09.2024;0
Trondheim - Risvollan;SN68230;06.09.2024;0
Trondheim - Risvollan;SN68230;07.09.2024;0
Trondheim - Risvollan;SN68230;08.09.2024;0
Trondheim - Risvollan;SN68230;09.09.2024;0
Data er gyldig per 12.10.2024 (CC BY 4.0), Meteorologisk institutt (MET);;;
